[轉發]徵才【Western Digital】Request for promotion of our engineering job position,Western Digital Global Recruiting 2023.pptx
[轉發]徵才【Western Digital】Request for promotion of our engineering job position,Western Digital Global Recruiting 2023.odp
"[轉發][活動] Google Taiwan Campus Talk, 2023 校園徵才說明會",Taiwan Campus Talk 2023 Talk.pdf
賀！2022排球新生盃資訊系榮獲季軍！,310424061_556100622983351_6288508607061565363_n.pdf
[轉發]亞德客有美助學金大一新生(及亞德客社會實踐公益服務活動)第2次公告申請,____ ____ _(111.8. 01)_新生-第2次公告.pdf
[轉發]亞德客有美助學金大一新生(及亞德客社會實踐公益服務活動)第2次公告申請,亞德客社會實踐公益服務活動( 111.10.12).pdf
[轉發]亞德客有美助學金大一新生(及亞德客社會實踐公益服務活動)第2次公告申請,111_________ 白申請表_new.odt
[轉發]亞德客有美助學金大一新生(及亞德客社會實踐公益服務活動)第2次公告申請,111____ 空白申請表_n ew111.07.25.odt
[轉發]教育部獎助生命教育碩博士論文及期刊論文要點公告周知,scan@email.ncku.edu.tw_20221012_100455.pdf
[轉發]大同股份有限公司111年度菁英獎學金辦法,2216_001.pdf
[轉發]第20屆育秀盃創意獎 函文：競賽簡章 敬邀各校參賽,____20_____ 意獎(大專院校).pdf
[轉發]第20屆育秀盃創意獎 函文：競賽簡章 敬邀各校參賽,image001.pdf
"[轉發](Call for Papers) 2023 International VLSI Symposium on Technology, Systems and Applications","2023 International VLSI Symposium on Technology, Systems and Applications_CFP e-flyer_final.pdf"
[轉發]國防醫學院三軍總醫院舉辦「2022國際資料科學研討會」，敬請貴單位惠予公告並鼓勵所屬踴躍參與,image001 (1).pdf
[轉發]宏國德霖科技大學「AERC 2022亞洲機器人運動競技大賽」活動相關訊息,WebFile.ashx-6.pdf
【徵才】國立成功大學資訊工程系 誠徵專任教師(3-6名師資),資訊工程學系新聘教師表格-姓名.doc
[轉發]臺南市政府函轉原住民族委員會及財團法人原住民族語言研究發展基金會委託國立臺灣師範大學辦理「111年度第2次原住民族語言能力認證測驗」訊息,WebFile.ashx.pdf
感謝資訊所博士班96級蔡競賢學長，關懷學生捐助本系！,image003.pdf
[轉發] 大同公司111年菁英獎學金辦法,111_______ 菁英獎學金辦法.pdf
[轉發] 大同公司111年菁英獎學金辦法,大同菁英獎學金申辦說明.pdf
[轉發][銘傳大學]本校資訊學院訂於2023年3月17日(星期五)舉辦「2023資訊科技與實務研討會」,1119922704.pdf
[轉發][嘉藥學校財團法人嘉南藥理大學] 有關本校多媒體與遊戲發展系與成功大學資通安全研究與教學中心共同辦理「2022 金象盃全國大數據實務能力競賽」南區初賽活動,嘉藥0926.pdf
[轉發]檢送車輛中心「菁英培育獎助計畫」廣宣資料,公文.doc
[轉發]檢送車輛中心「菁英培育獎助計畫」廣宣資料,菁英培育獎助學金計畫.docx
金融科技與資訊工程產業碩士專班相關規章及表格,金融科技與資訊工程產業碩士專班修業規定.pdf
金融科技與資訊工程產業碩士專班相關規章及表格,金融科技產碩專班特殊因素選課申請單.odt
金融科技與資訊工程產業碩士專班相關規章及表格,金融科技產碩專班課務相關事項(新生請詳閱)202106版.pdf
金融科技與資訊工程產業碩士專班相關規章及表格,金融科技產碩專班學分抵免注意事項.odt
金融科技與資訊工程產業碩士專班相關規章及表格,金融科技產碩專班至外系修課申請單.odt
金融科技與資訊工程產業碩士專班相關規章及表格,指導教授同意書2022511.odt
金融科技與資訊工程產業碩士專班相關規章及表格,資訊工程學系金融科技與資訊工程產業碩士專班課程規劃0812.pdf
金融科技與資訊工程產業碩士專班相關規章及表格,金融科技產碩專班研究生手冊202208.pdf
國立成功大學資訊工程學系場地設備借用管理要點,{最新}國立成功大學資訊工程學系場地設備借用管理要點1100513.odt
111上博士資格考公告,111.11資格考公告.doc
111上博士資格考公告,111.11資格考公告.odt
[轉發][競賽訊息]新興科技「AI智慧桌球大比乒」比賽辦法如附件，歡迎報名。,公文列印.pdf
[轉發]【富邦慈善基金會-2022潛力之星獎學金計畫】,image001 (2).pdf
趨勢科技2023研發替代役暨預聘徵才說明會資訊,image004.pdf
112學年度醫學資訊研究所招生資訊,112醫資所推甄20220919-1.pdf
[轉發]南亞科技股份有限公司《2022未來之星獎學金》,image002.pdf
[轉發]南亞科技股份有限公司《2022未來之星獎學金》,未來之星-中文版.pdf
[轉發]南亞科技股份有限公司《2022未來之星獎學金》,未來之星-中英文版.pdf
[轉發]【競賽資訊分享】2022創新創業競賽,宣傳內容.docx
[轉發]【競賽資訊分享】2022創新創業競賽,宣傳內容.odt
[轉發]【競賽資訊分享】2022創新創業競賽,2022中正大學全國大專院校創新創業競賽＿宣傳海報.pdf
[轉發] <2023 NXP 恩智浦半導體實習生計畫>,Online Events.pdf
[轉發] <2023 NXP 恩智浦半導體實習生計畫>,image003.pdf
[轉發] <2023 NXP 恩智浦半導體實習生計畫>,NXP Semiconductors Taiwa n Ltd.台灣恩智浦半導體股份有限公司.pdf
[轉發] <2023 NXP 恩智浦半導體實習生計畫>,2023 Internship Program Timeline.pdf
[大學部_研究所] 特殊因素選課表(加退選單),特殊因素補棄選單-2022版.doc
[轉發]成大製造所招生海報(乙組),112_______ 乙組甄試海報.pdf
[轉發]國立彰化師範大學語文中心開設「111年秋季外語課程」,WebFile.ashx.pdf
[轉發]成大製造所招生海報(甲組),112_______ 甲組甄試海報.pdf
[轉發]【災害防救重要提醒】連日地震，提醒注意安全,1110918地震安全提醒-1.pdf
[轉發]成大製造所招生海報(丙組),112_______ 丙組甄試海報.pdf
[轉發]【獎學金資訊】美律科技人才培育金申請倒數中！同學們快來領12萬獎學金、畢業又有好工作！,2022_______ 育金_獎助職務.pdf
[轉發]【獎學金資訊】美律科技人才培育金申請倒數中！同學們快來領12萬獎學金、畢業又有好工作！,2022________ 才培育金申請辦法.pdf
[轉發]【獎學金資訊】美律科技人才培育金申請倒數中！同學們快來領12萬獎學金、畢業又有好工作！,image001 (3).pdf
恭賀!!資訊工程學系二年級甲班蔡聿善同學 (導師:涂嘉恒)參加第52屆全國技能競賽青年組榮登金榜,蔡聿善-111-09-17.pdf
111年度全國大專電腦軟體設計競賽於9月1日起於活動網站開放線上報名，歡迎同學踴躍報名參加！,EDM.pdf
[轉發]獎助大學研究生撰寫蒙藏研究論文申請公告周知,scan@email.ncku.edu.tw_20220916_141411.pdf
[轉發]【旺宏電子】112年應屆畢業研究生(研替役/預聘)校園徵才說明會,____112________ ______-____.pdf
[轉發]成大_聯發科技IC設計學程說明會eDM,成功大學EDM.pdf
[轉發]「111年度防制校園霸凌理論與實務北區研討會」徵稿訊息,scan@email.ncku.edu.tw_20220914_101017.pdf
[轉發]日月光菁英培育獎學金(111學年版本),____ 獎學金_2022宣傳091 2_(Security C).pdf
[轉發]日月光菁英培育獎學金(111學年版本),_____ 體2022年獎學金申請 ___202 20906_(Security C).pdf
111學年度新生手冊,111資訊研究所新生 202208.pdf
專題討論與資工與與醫資導論上課規定,seminar上課規定.doc
專題討論與資工與與醫資導論上課規定,seminar上課規定.odt
賀！本系韓岱融同學參加科技部尋找資安女婕思2022 GiCS競賽榮獲第二名,0906-01.pdf
111學年度第一學期資工與醫資導論上課資訊與評分標準,課表.pdf
"[轉發]論文徵稿中: 2023 International VLSI Symposium on Technology, Systems and Applications  請鼓勵學生踴躍申請獎學金(近期消息)0907寄",2023 VLSITSADAT_CFP_final.pdf
[轉發]【競賽徵件倒數 9/12截止】2022 數位科技解決方案競賽，總獎金達270萬並有機會獲得場域實證機會！,image001 (4).pdf
[轉發]【競賽徵件倒數 9/12截止】2022 數位科技解決方案競賽，總獎金達270萬並有機會獲得場域實證機會！,image002 (1).pdf
[轉發](延長截止期限)青藤學程獎學金 申請辦法+申請表,青藤學程獎學金 申請表 FINAL 20220705.odt
[轉發](延長截止期限)青藤學程獎學金 申請辦法+申請表,成功大學 青藤學程獎學金申請辦法 20220706.pdf
[轉發](延長截止期限)青藤學程獎學金 申請辦法+申請表,青藤學程獎學金 申請表 FINAL 20220705.docx
[轉發]【戴爾科技集團 徵才線上說明會】,_______2023____ 線上說明會_學校協助曝光.pdf
[轉發]【戴爾科技集團 徵才線上說明會】,220826_Dell_120 0x1200_學校宣傳.pdf
[轉發]轉寄電資學院訊息:NCKU EECS Online Course Videos for International Students (non-credit courses),form.pdf
[轉發]轉達軍訓室通知：請賃居校外之學生至導生E點通填寫「校外賃居系統」自評表,image001 (5).pdf
[Seminar] 111學年度 第一學期演講資訊,111上演講表.xls
[Seminar] 111學年度 第一學期演講資訊,111上演講表.ods
[轉發]羅東博愛醫院111年第2次獎助學金開始受理申請-請鼓勵學生踴躍申請獎學金(近期消息)0907寄,____ 網址及QR  Code.pdf
[轉發]羅東博愛醫院111年第2次獎助學金開始受理申請-請鼓勵學生踴躍申請獎學金(近期消息)0907寄,111年第2次 獎助學金海報.pdf
[轉發]羅東博愛醫院111年第2次獎助學金開始受理申請-請鼓勵學生踴躍申請獎學金(近期消息)0907寄,111__2_____-_ 請聲明暨文件檢核表.pdf
[轉發]羅東博愛醫院111年第2次獎助學金開始受理申請-請鼓勵學生踴躍申請獎學金(近期消息)0907寄,獎助學金實施 __-111 0830(___).pdf
111學年度新生手冊,111資訊研究所新生 202208 (1).pdf
資訊產碩專班相關規章及表格,資訊產碩專班課務相關事項(新生請詳閱).pdf
資訊產碩專班相關規章及表格,資訊產碩專班學分抵免注意事項.odt
資訊產碩專班相關規章及表格,資訊產碩專班至外系修課申請單.odt
資訊產碩專班相關規章及表格,資訊產碩專班特殊因素選課申請單.odt
資訊產碩專班相關規章及表格,資訊產碩專班指導教授同意書.odt
資訊產碩專班相關規章及表格,資訊產業碩士專班修業規定(系務會議20220222通過).pdf
[轉發]大學部代宣傳「EMI課程-永續發展」(1學分),sustainable development syllabus.pdf
111學年度三所老師可收碩士生名單,111老師可收學生名單.pdf
[轉發]【2023 台積電預辦登積計畫】我們要前進校園了！,image003 (2).pdf
[轉發]【2023 台積電預辦登積計畫】我們要前進校園了！,image004 (1).pdf
[轉發](產創總中心)產業趨勢論壇與分享交流茶會,文宣.pdf
[轉發]晶元光電獎助學金已開放申請,2022________ 學金第二次申請DM.pdf
恭賀!!莊坤達老師指導學生丁羅邦芸獲得111年度Grand Review博士生暨博士後研究學術競賽-博士生傑出獎,【得獎名單】111年度Grand Review博士生暨博士後研究學術競賽 (00000003).pdf
恭賀!!謝孫源老師指導學生鄭敦維獲得111年度Grand Review博士生暨博士後研究學術競賽-博士後傑出獎​,【得獎名單】111年度Grand Review博士生暨博士後研究學術競賽 (00000003) (1).pdf
[轉發]培育優秀海洋事務研究人才，本會即日起至111年10月31日止公開徵求112年度大專校院學生專題研究計畫,scan@email.ncku.edu.tw_20220901_151049.pdf
徵行政助教,徵行政助教 (2).odt
徵行政助教,徵行政助教.doc
[轉發]【 2022財團法人慶恩教育基金會綠色科技論文獎】 [報名時間展延至9/20，畢業證書於10/31截止補件],2022_慶恩論文格式規範.odt
[轉發]【 2022財團法人慶恩教育基金會綠色科技論文獎】 [報名時間展延至9/20，畢業證書於10/31截止補件],2022_慶恩報名相關文件.odt
[轉發]【 2022財團法人慶恩教育基金會綠色科技論文獎】 [報名時間展延至9/20，畢業證書於10/31截止補件],2022_慶恩報名相關文件.docx
[轉發]【 2022財團法人慶恩教育基金會綠色科技論文獎】 [報名時間展延至9/20，畢業證書於10/31截止補件],2022_慶恩論文格式規範.docx
[轉發]【 2022財團法人慶恩教育基金會綠色科技論文獎】 [報名時間展延至9/20，畢業證書於10/31截止補件],2022年慶恩基金會綠色科技論文獎活動辦法_展延至9月20日.pdf
[轉發]【 2022財團法人慶恩教育基金會綠色科技論文獎】 [報名時間展延至9/20，畢業證書於10/31截止補件],2022年慶恩海報.pdf
"更新111學年入學學生手冊, 詳如附件(8/28第一次公告)",111學年度大學部學生手冊_111.08.30.pdf
[轉發]【行政院國家資通安全會報技服中心】111年資安系列競賽活動推廣_國立成功大學,004_資安系列競賽公文.pdf
[轉發]【行政院國家資通安全會報技服中心】111年資安系列競賽活動推廣_國立成功大學,111年資安技能金盾獎競賽要點.pdf
[轉發]【行政院國家資通安全會報技服中心】111年資安系列競賽活動推廣_國立成功大學,111年資安海報徵選要點.pdf
[轉發]【行政院國家資通安全會報技服中心】111年資安系列競賽活動推廣_國立成功大學,111年資安影片徵選要點.pdf
[轉發]【行政院國家資通安全會報技服中心】111年資安系列競賽活動推廣_國立成功大學,111年資安系列競賽-海報.pdf
[轉發]【統一資訊2023年專業技術培訓計畫】,2023海報V5.pdf
"111(1)資訊工程倫理與生涯規劃上課表如附件-暫定版, 請隨時注意公告新增演講時段, 謝謝",111資訊倫理與生涯規劃上課週表公告_暫定版.pdf
"111學年【洪肇奎博士獎助學金】 即日起至9/21, 開放申請,每名每年二萬元。原則上電機系、資工系各二名及台文系、工科系(主修資訊科技同學)各一名，總共六名。但各系名額得視情形互相移用",獎學金空白申請表-洪肇奎博士紀念獎學金.doc
"111學年度上學期【64級系友獎學金】申請, 即日起至9/21, 請各位同學踴躍申請",家境清寒具體說明書.docx
"111學年度上學期【64級系友獎學金】申請, 即日起至9/21, 請各位同學踴躍申請",清寒程度審核表.doc
"111學年度上學期【64級系友獎學金】申請, 即日起至9/21, 請各位同學踴躍申請",獎學金空白申請表-電機系64級系友獎學金-111.04.19.doc
"111學年度上學期【64級系友獎學金】申請, 即日起至9/21, 請各位同學踴躍申請",64級系友獎學金公告_updated 111.08.28.docx
[轉發]【亞洲藏壽司】學生求職推廣相關,藏壽司儲備幹部.pdf
[轉發]【亞洲藏壽司】學生求職推廣相關,亞洲藏壽司PT海報.pdf
[轉發]【日月光環保永續基金會】第九屆環保學術碩博士論文獎助,【獎助辦法】第九屆日月光環保學術碩博士論文獎助辦法.pdf
[轉發]【日月光環保永續基金會】第九屆環保學術碩博士論文獎助,日月光環保學術碩、博士論文獎助切結書.pdf
[轉發]【日月光環保永續基金會】第九屆環保學術碩博士論文獎助,日月光環保學術碩、博士論文獎助辦法.pdf
敬邀研究所新生家長參加成功大學資訊工程學系/醫學資訊研究所/人工智慧科技碩士學位學程/金融科技產碩專班111學年度新生家長座談會,新生家長座談會邀請信_111.08.17.doc
敬邀研究所新生家長參加成功大學資訊工程學系/醫學資訊研究所/人工智慧科技碩士學位學程/金融科技產碩專班111學年度新生家長座談會,新生家長座談會邀請信_111.08.17.odt
敬邀大學部新生家長參加成功大學資訊工程學系111學年度新生家長座談會,邀請信-大學部_111.08.17.doc
敬邀大學部新生家長參加成功大學資訊工程學系111學年度新生家長座談會,邀請信-大學部_111.08.17.odt
(重新公告) (碩一新生)請上網填寫大學基礎課修課資訊,外籍生基礎課程認定表(資訊).odt
(重新公告) (碩一新生)請上網填寫大學基礎課修課資訊,外籍生基礎課程認定表(資訊)英文.odt
(重新公告) (碩一新生)請上網填寫大學基礎課修課資訊,外籍生基礎課程認定表(AI).odt
(重新公告) (碩一新生)請上網填寫大學基礎課修課資訊,外籍生基礎課程認定表(AI)英文.odt
(重新公告) (碩一新生)請上網填寫大學基礎課修課資訊,外籍生基礎課認定表(醫資所).odt
(重新公告) (碩一新生)請上網填寫大學基礎課修課資訊,外籍生基礎課認定表(醫資所)英文.odt
[轉發]【UR大學部研究】111年度實體系列活動,(final)111UR海報_page-0001(小).pdf
[大學部] 畢業生離校手續,離校程序單_111.01.05.doc
[大學部] 畢業生離校手續,資訊系大學部同學離校手續流程-111.07.08.docx
[轉發]教育部獎助生命教育碩博論文及期刊論文要點,scan@email.ncku.edu.tw_20220816_152534.pdf
[轉發]2022財團法人慶恩教育基金會綠色科技論文獎,2022會綠色科技論文獎活動辦法.pdf
[轉發]2022財團法人慶恩教育基金會綠色科技論文獎,相關文件.docx
[轉發]2022財團法人慶恩教育基金會綠色科技論文獎,相關文件.odt
[轉發]2022財團法人慶恩教育基金會綠色科技論文獎,格式規範.docx
[轉發]2022財團法人慶恩教育基金會綠色科技論文獎,格式規範.odt
[研究所]-AI學程離校手續單更新,離校手續單(AI)11106.doc
[研究所]-AI學程離校手續單更新,離校手續單(AI)11106.odt
[轉發]第一屆沙崙資安新秀大賽,2022甄選公告暨參賽說明.pdf
恭喜！陳培殷老師榮獲 110 學年度之輔導優良導師, 110 學年度之輔導傑出導師獲獎名單.pdf
[轉發]本校111年度科林研發論文獎暨傑出科技獎學金,公告函-含附件.pdf
[轉發](衛生福利部) (延長徵件)111年親密關係精神暴力微電影徵件活動,R - 2022-08-12T153813.179.PDF
[轉發]CloudMile萬里雲實習資訊,校園實習計畫.pdf
[轉發][研發處徵件]111年「大學生專題研究成果」海報競賽暨海報展,摘要範本.odt
[轉發]8/30前，申請2022達興材料研究生獎學金,2022獎學金申請辦法與表單.doc
[轉發]8/30前，申請2022達興材料研究生獎學金,2022獎學金申請辦法與表單.odt
[轉發]8/30前，申請2022達興材料研究生獎學金,2022獎學金QA.PDF
[轉發](國家住宅及都市更新中心) 檢送「國家住宅及都市更新中心學生實務專題研究獎助實施計畫」,R - 2022-08-10T145527.963.PDF
[轉發]歡迎申請ASML 2022 菁英獎學金,ASML 2022 菁英獎學金 熱烈報名中.docx
[轉發]歡迎申請ASML 2022 菁英獎學金,ASML 2022 菁英獎學金 熱烈報名中.odt
111學年大學部轉系生學分抵免公告,轉系課程抵免公告.pdf
111學年大學部轉系生學分抵免公告,修課規定公告整理.docx
[轉發]第九屆日月光環保學術碩、博論文獎助辦法公告周知,scan@email.ncku.edu.tw_20220808_114741.pdf
[轉發]檢送行政院環境保護署製作2部「笑氣危害知多少」影片，歡迎自行運用並轉知所屬，請查照。,R - 2022-08-08T131339.007.PDF
[大學部]-資訊工程學系學分抵免審核申請表,學分抵免申請表-資訊系.odt
[大學部]-學生修課注意事項~含畢業學分規定及等同課程表,資訊系修課注意事項_110.05.11系務會議議修訂完成.docx
[大學部]-學生修課注意事項~含畢業學分規定及等同課程表,01-國立成功大學資訊工程學系必修課等同課程表-已更新_111.08.08.xlsx
國立成功大學資訊工程學系 學生修課注意事項及等同課程表,資訊系修課注意事項_110.05.11系務會議議修訂完成 (1).docx
國立成功大學資訊工程學系 學生修課注意事項及等同課程表,01-國立成功大學資訊工程學系必修課等同課程表-已更新_111.08.08 (1).xlsx
[轉發]校資組誠徵專案工讀生(新版應徵公告),研發處校務資料組誠徵工讀生1110805.docx
[轉發]校資組誠徵專案工讀生(新版應徵公告),研發處校務資料組誠徵工讀生1110805.odt
[轉發]函轉行政院環境保護署辦理「第3屆綠色化學應用及創新獎」活動來函1份,R - 2022-08-03T164345.169.PDF
[轉發]亞德客有美助學金[大一新生]、社會實踐公益服務活動補助申請開始,亞德客獎助學金辦法(111.8.01)_新生.pdf
[轉發]亞德客有美助學金[大一新生]、社會實踐公益服務活動補助申請開始,亞德客社會實踐公益服務活動( 111.02.08).pdf
[轉發]亞德客有美助學金[大一新生]、社會實踐公益服務活動補助申請開始,111公益服務活動補助空白申請表_new.odt
[轉發]亞德客有美助學金[大一新生]、社會實踐公益服務活動補助申請開始,111上獎學金空白申請表_new111.07.25.odt
"請碩一新生檢查大學基礎課是否修過(含復學生,僑生,外籍生,陸生)",外籍生基礎課程認定表( 醫資所)_英文.odt
"請碩一新生檢查大學基礎課是否修過(含復學生,僑生,外籍生,陸生)",外籍生基礎課程認定表( AI)_英文.odt
"請碩一新生檢查大學基礎課是否修過(含復學生,僑生,外籍生,陸生)",外籍生基礎課程認定表(資訊)_英文.odt
"請碩一新生檢查大學基礎課是否修過(含復學生,僑生,外籍生,陸生)",外籍生基礎課程認定表(資訊) (1).odt
"請碩一新生檢查大學基礎課是否修過(含復學生,僑生,外籍生,陸生)",外籍生基礎課程認定表(AI) (1).odt
"請碩一新生檢查大學基礎課是否修過(含復學生,僑生,外籍生,陸生)",外籍生基礎課認定表(醫資所) (1).odt
請新生檢查大學基礎課是否修過(產碩專班、AI學程),外籍生基礎課程認定表(AI) (2).odt
請新生檢查大學基礎課是否修過(產碩專班、AI學程),外籍生基礎課程認定表(AI)_英文 .odt
[轉發]【國際處國際教育組】大阪大學線上課程報名資訊及課綱,2_Nominees List.ods
[轉發]【國際處國際教育組】大阪大學線上課程報名資訊及課綱,01_Application Guide for Students_FallWinter2022.odt
[轉發]【國際處國際教育組】大阪大學線上課程報名資訊及課綱,2_Nominees List.xlsx
[轉發]【國際處國際教育組】大阪大學線上課程報名資訊及課綱,CourseCode88A068_OU 2022 Climate Change in Asia Pacific - Science and So....pdf
[轉發]【國際處國際教育組】大阪大學線上課程報名資訊及課綱,CourseCode88A065_Osaka University Anniversary Lecture .pdf
[轉發]【國際處國際教育組】大阪大學線上課程報名資訊及課綱,CourseCode88A071_Course Outline CES 2022 (Virtual Study Abroad).pdf
[轉發]【國際處國際教育組】大阪大學線上課程報名資訊及課綱,1_OsakaUniv_VSA_guideline.pdf
[轉發]【國際處國際教育組】大阪大學線上課程報名資訊及課綱,01_T-cens Manual.pdf
[轉發]【國際處國際教育組】大阪大學線上課程報名資訊及課綱,01_Application Guide for Students_FallWinter2022.docx
工業局數據計畫舉辦之【2022數據合作實驗室-數據競賽】熱烈徵隊中!!!!收件至下周一 8/1 上午9點!!!,海報2.pdf
工業局數據計畫舉辦之【2022數據合作實驗室-數據競賽】熱烈徵隊中!!!!收件至下周一 8/1 上午9點!!!,海報1.pdf
工業局數據計畫舉辦之【2022數據合作實驗室-數據競賽】熱烈徵隊中!!!!收件至下周一 8/1 上午9點!!!,組隊報名-操作步驟說明簡報.pdf
工業局數據計畫舉辦之【2022數據合作實驗室-數據競賽】熱烈徵隊中!!!!收件至下周一 8/1 上午9點!!!,數據競賽說明簡報-最新版_compressed.pdf
[轉發]校資組誠徵專案工讀生,研發處校務資料組誠徵工讀生1110728.docx
[轉發]校資組誠徵專案工讀生,研發處校務資料組誠徵工讀生1110728.odt
[研究所]-資工所/醫資所離校手續單更新,離校手續單11101.odt
[研究所]-資工所/醫資所離校手續單更新,離校手續單(醫資所)11101.odt
[轉發]電腦公會舉辦「2022臺灣教育科技展」,scan@email.ncku.edu.tw_20220726_101024.pdf
[轉發][環安衛]轉知衛生福利部疾病管制署製作「藥癮減害與藥愛防治」衛教宣導品,R - 2022-07-27T091617.478.PDF
資訊工程所博士班學分承認與抵免辦法,資訊工程所博士班學分承認與抵免辦法(1080319).odt
教務-免修資工與醫資導論認證,12555862012.doc
教務-免修資工與醫資導論認證,12555862012.odt
111學年度新生抵免注意事項,資訊系學分抵免注意事項1110712.doc
111學年度新生抵免注意事項,醫資所學分抵免注意事項1110712.doc
111學年度新生抵免注意事項,資訊所碩士班學分承認及抵免辦法1070626.doc
111學年度新生抵免注意事項,國立成功大學醫學資訊研究所碩士班學分承認及抵免辦法1101102.docx
111學年度新生抵免注意事項,資訊系學分抵免注意事項1110712.odt
111學年度新生抵免注意事項,醫資所學分抵免注意事項1110712.odt
111學年度新生抵免注意事項,資訊所碩士班學分承認及抵免辦法1070626.odt
111學年度新生抵免注意事項,國立成功大學醫學資訊研究所碩士班學分承認及抵免辦法1101102.odt
111學年度新生抵免注意事項,國立成功大學醫學資訊研究所碩士班學分承認及抵免辦法1101102 (1).odt
111學年度新生抵免注意事項,資訊所碩士班學分承認及抵免辦法1070626 (1).odt
111學年度新生抵免注意事項,醫資所學分抵免注意事項1110712 (1).odt
111學年度新生抵免注意事項,資訊系學分抵免注意事項1110712 (1).odt
111學年度新生抵免注意事項,國立成功大學醫學資訊研究所碩士班學分承認及抵免辦法1101102 (1).docx
111學年度新生抵免注意事項,資訊所碩士班學分承認及抵免辦法1070626 (1).doc
111學年度新生抵免注意事項,醫資所學分抵免注意事項1110712 (1).doc
111學年度新生抵免注意事項,資訊系學分抵免注意事項1110712 (1).doc
資訊所碩士班學分承認及抵免辦法,資訊工程所學分承認及抵免辦法(1070921).odt
[轉發][研發處徵件]111年「大學生專題研究成果」海報競賽暨海報展,報名QRcode.pdf
(延長收件-第1次)國立成功大學資訊工程系 誠徵專任教師,資訊工程學系新聘教師表格-姓名 (4).doc
111上博士資格考開始受理申請,資格考申請表.odt
111上博士資格考開始受理申請,資格考申請表.doc
111學年度成大資訊工程系/醫學資訊所碩士新生報到注意事項,切 結 書.pdf
111學年度成大資訊工程系/醫學資訊所碩士新生報到注意事項,棄權書.pdf
誠徵資訊系碩專班行政助教,碩專班應徵助教.odt
[轉發]美律2022科技人才培育金申請開跑囉！,海報.pdf
恭喜！陳培殷老師及蘇文鈺老師榮獲110學年度「教學創新-線上教學」優良教師,110學年度教學創新與大學社會責任特優教師得獎名單.pdf
恭喜！陳培殷老師榮獲110學年度教學特優教師,110學年度教學傑出及優良教師名單.pdf
[轉發]【中經院】誠摯邀請「後疫情時代南臺灣產業再發展與新興產業發展趨勢」研討會（屏東場）,屏東場研討會會議資訊(學界邀請)_page-0001.pdf
"公告112級大學部資訊專題展得獎名單,得獎組別的同學請於開學後至系辦公室領取獎狀",112級專題展得獎公告.docx
[轉發]2022 陳文成教授紀念基金會 - 社會關懷獎學金,2022_Scholarship_Application_Form.pdf
110學年度下學期 資訊系 預研生錄取名單公告,110學年度下學期 資訊系 預研生錄取名單公告_111.07.13.pdf
[轉發]【資策會】【2022數據合作實驗室-城市數據競賽】參賽文件提供，7/17繳交截止，敬請把握最後參加機會~!,競賽海報_工作區域 1.pdf
[轉發]【資策會】【2022數據合作實驗室-城市數據競賽】參賽文件提供，7/17繳交截止，敬請把握最後參加機會~!,組隊報名-操作步驟說明簡報 (1).pdf
[轉發]【資策會】【2022數據合作實驗室-城市數據競賽】參賽文件提供，7/17繳交截止，敬請把握最後參加機會~!,數據競賽說明簡報_compressed.pdf
[轉發]德國 DAAD 人工智慧博士後研究交流參訪之旅獎學金 開始接受申請,2022 DAAD Networking Tour.pdf
[轉發]<2023台積電徵才>預辦登積計畫：資工／IC Design人才招募說明會,海報_compressed.pdf
[轉發]【獎學金申請達人經驗分享會】活動資訊,研發處海報final_compressed.pdf
"更新3:111級 資訊系大學部同學離校手續流程, 詳見附檔",資訊系大學部同學離校手續流程-111.07.08.docx
【賀】本系學士班、碩士班、博士班系所自我評鑑自辦品質保證認定通過6年,110014035資訊工程學系.pdf
[轉發]美商迅馳半導體徵才,Careers at Tensorcom-t.docx
[轉發]美商迅馳半導體徵才,Careers at Tensorcom-t.odt
 期刊論文與會議論文點數,會議論文點數表(1101019).ods
 期刊論文與會議論文點數,期刊論文點數表(1110531).ods
[轉發]2022北祥黑客松「Pershing Techathon有點意思」活動邀請信,PTSC-2022-Techathon-EDM.pdf
[轉發]2022全國大專校院智慧創新暨跨域整合創作競賽報名快截止囉！,2022智慧創新競賽海報.pdf
[轉發]2022全國大專校院智慧創新暨跨域整合創作競賽報名快截止囉！,2022全國大專校院智慧創新暨跨域整合創作競賽須知.pdf
[轉發]2022綠色創意挑戰賽說明會──改變，從金選綠10開始！,111年「亞洲金選獎綠色創意挑戰賽」競賽簡章 - CH.pdf
[轉發]電機資訊學院誠徵網頁美編設計工讀生1名,成功大學電機資訊學院工讀生履歷表(網頁美編).odt
[轉發]電機資訊學院誠徵網頁美編設計工讀生1名,成功大學電機資訊學院工讀生履歷表(網頁美編).doc
"[大學部]-至他班上課確認表-請要換班上課的同學下載 [學生因故至他班上課確認表( 105.09.23更新 )]並取得授課老師同意簽章, 簽完後仍須自行完成選課程序, 方能""選修""到課程哦",oc.odt
"[大學部]-至他班上課確認表-請要換班上課的同學下載 [學生因故至他班上課確認表( 105.09.23更新 )]並取得授課老師同意簽章, 簽完後仍須自行完成選課程序, 方能""選修""到課程哦",學生因故至他班上課確認表.doc
"[大學部]-至他班上課確認表-請要換班上課的同學下載 [學生因故至他班上課確認表( 105.09.23更新 )]並取得授課老師同意簽章, 簽完後仍須自行完成選課程序, 方能""選修""到課程哦",學生因故至他班上課確認表 (1).doc
[轉發]三軍總醫院人工智慧暨物聯網發展中心舉辦2022資料科學競賽「以連續追蹤的心電圖來追蹤左心室射出率的變化」競賽活動,2022三軍總醫院人工智慧中心資料科學競賽「以連續追蹤的心電圖來追蹤左心室射出率的變化」.pdf
[轉發]<資策會>第二場數據競賽說明媒合會報名開始!敬邀共襄盛舉!,image001 (6).pdf
國立成功大學醫學資訊研究所所長推選辦法,成功大學醫學資訊研究所所長推選辦法103.pdf
[轉發]2022 年聲寶暑期職場體驗計畫,2022年聲寶公司暑期實習計畫EDM.pdf
[轉發]有關行政院辦理性平小學堂有獎徵答活動，活動期間延長至本（111）年6月30日，歡迎學生踴躍參加，,R - 2022-06-22T162852.148.PDF
[轉發]111年度第1學期大學校院學生申請出國參加國際性學術技藝能競賽」經費補助案，請於學校彙整日6月28日前提出申請逾期歉難受理,scan@email.ncku.edu.tw_20220622_155028.pdf
[轉發]111年度中華民國能源經濟學會優秀博、碩士論文獎甄選辦法,scan@email.ncku.edu.tw_20220621_112141.pdf
[轉發]「2022全國智慧製造大數據分析競賽」於6/15開跑囉,海報 (1).pdf
敬邀參加2022成大醫學資訊研究所畢業成果發表會,醫資所成果發表議程.ods
敬邀參加2022成大醫學資訊研究所畢業成果發表會,發表會海報.pdf
[轉發]國立成功大學暑期 教職員工瑜珈班」上課通知,1484_001.pdf
【獎學金公告】本校111學年度「鑫淼重點科技博士生獎學金」即日起至111年8月31日止受理申請,附件二-國立成功大學鑫淼重點科技博士生獎學金申請表.odt
【獎學金公告】本校111學年度「鑫淼重點科技博士生獎學金」即日起至111年8月31日止受理申請,1110615001校內公告函.pdf
【獎學金公告】本校111學年度「鑫淼重點科技博士生獎學金」即日起至111年8月31日止受理申請,附件一國立成功大學鑫淼重點科技博士生獎學金實施要點(1090911修正).pdf
資訊系雙主修及輔系申請修課FAQ,資訊系雙主修及輔系申請修課問答集-111.06.16.docx
[轉發]「2022年第三屆科學與科普專業英文能力大賽」,教育部函-轉知國立臺灣科學教育館辦理「2022年第三屆科學與科普專業英文能力大賽」.pdf
[轉發]111年度照明金質獎即日起至8月15日止簡章公告周知,scan@email.ncku.edu.tw_20220610_135339.pdf
[轉發]【2022暑期實習】瑞昱半導體—科技專才創造力學程實習計畫,EDM (1).pdf
[轉發]華碩電腦職缺招募訊息,華碩機器人與人工智慧中心_招募職缺刊登_成大.odt
[轉發]華碩電腦職缺招募訊息,華碩機器人與人工智慧中心_招募職缺刊登_成大.docx
[轉發]德州儀器將在「6/22(三)舉辦線上分享會」,Jun seminar promotion.odt
[轉發]德州儀器將在「6/22(三)舉辦線上分享會」,Jun seminar promotion.docx
[轉發]德州儀器將在「6/22(三)舉辦線上分享會」,0622onsite seminar promotion.pdf
[轉發]日月光菁英培育獎學金(110學年版本),菁英培育獎學金海報0606.pdf
[轉發]日月光菁英培育獎學金(110學年版本),日月光半導體2022年獎學金申請辦法_20220608_(Security C).pdf
[轉發]【獎學金】2022達興材料研究生獎學金開始收件囉!,2022 獎學金 EDM.pdf
[轉發]【獎學金】2022達興材料研究生獎學金開始收件囉!,2022達興材料研究生獎學金-文案.odt
[轉發]【獎學金】2022達興材料研究生獎學金開始收件囉!,2022達興材料研究生獎學金申請辦法與表單.odt
[轉發]【獎學金】2022達興材料研究生獎學金開始收件囉!,2022達興材料研究生獎學金-文案.docx
[轉發]【獎學金】2022達興材料研究生獎學金開始收件囉!,2022獎學金QA (1).PDF
[轉發]【獎學金】2022達興材料研究生獎學金開始收件囉!,2022達興材料研究生獎學金申請辦法與表單.doc
[轉發]2022年第二十六屆全國科技法律研討會論文徵稿，6月30日摘要截稿,海報 (2).pdf
"第三次更新112級資訊專題題目公告~~最後一次更新, 若有要再更新題目者, 請於上傳繳交資料時再自行KEYIN最正確的題目, 謝謝",112級專題題目組員-for公告-06.06-第三次更新.pdf
[轉發]TWSIAM十週年活動,QR code.pdf
[轉發]TWSIAM十週年活動,TWSIAM第十屆台灣工業與應用數學年會.pdf
國立成功大學資訊工程學系輔導優良導師獎勵與遴選辦法,資訊工程學系輔導優良導師獎勵與遴選辦法-系務會議修訂通過_111.05.31.docx
國立成功大學資訊工程學系輔導優良導師獎勵與遴選辦法,資訊工程學系輔導優良導師獎勵與遴選辦法-系務會議修訂通過_111.05.31.odt
資訊工程學系教學特優教師遴選辦法及表格,教師申請表(資訊系-○○○老師)_105.03.10.odt
資訊工程學系教學特優教師遴選辦法及表格,資訊工程學系教學特優教師遴選辦法_系務會議修訂通過_111.05.31.odt
[轉發]「教育部鼓勵學生參加藝術與設計類國際競賽計畫」請於7月26日(二)學校截止提出申請,scan@email.ncku.edu.tw_20220527_100504.pdf
[轉發]2022 i-CREATe gSIC 全球學生創新競賽台灣代表隊選拔賽--復健工程與輔助科技,2022gSIC海報.pdf
[轉發]2022 i-CREATe gSIC 全球學生創新競賽台灣代表隊選拔賽--復健工程與輔助科技,2022gSIC臺灣賽_報名簡章.pdf
[轉發]財團法人中華顧問工程司與國立臺灣科技大學共同辦理「智慧運輸與嵌入式系統」及「智慧運輸與嵌入式系統實務」暑期課程,公文列印_compressed.pdf
[轉發]緯創【2022校園徵才專區】前後端工程師,【2022校園徵才專區】前後端工程師.docx
[轉發]緯創【2022校園徵才專區】前後端工程師,【2022校園徵才專區】前後端工程師.pdf
[轉發]2022年 ITSA全國大專校院程式設計極客挑戰賽,2022年 ITSA全國大專校院程式設計極客挑戰賽競賽須知.pdf
[轉發]2022年 ITSA全國大專校院程式設計極客挑戰賽,2022_ITSA_海報.pdf
[轉發]電漿科學暑期研習會2022,poster.pdf
[轉發][講座] 臺大高研院【高峰論壇系列六：新時代的使者？區塊鏈的激進潛能】,20220530_高峰論壇6_自由三幅被_1920x647.pdf
[轉發][講座] 臺大高研院【高峰論壇系列六：新時代的使者？區塊鏈的激進潛能】,20220530_高峰論壇6_自由三幅被_A2預覽檔.pdf
[轉發][獎項訊息] 【論文獎徵選】社團法人台灣建築醫學學會 2022年第四屆優秀學位論文獎,社團法人台灣建築學會會 優秀學位論文獎申請表.pdf
[轉發][獎項訊息] 【論文獎徵選】社團法人台灣建築醫學學會 2022年第四屆優秀學位論文獎,2022年第四屆優秀學位論文獎海報_20220520.pdf
[轉發][競賽訊息] 第十屆寶島行銷金句獎-立洋留學Slogan創意徵稿,海報 (3).pdf
[轉發][競賽訊息] 「2022 17LIVE直播創新技術大賽」,2022 17LIVE直播創新大賽_競賽海報.pdf
[轉發][競賽訊息] 「2022 17LIVE直播創新技術大賽」,2022 17LIVE直播創新技術大賽_競賽簡章.pdf
[轉發][活動訊息] 工業局數據計畫-6/18(六) 數據人才媒合點子松,數據點子松.pdf
[轉發]2022 國泰金融Java資訊培訓班,【EDM】2022國泰金融Java培訓班.pdf
[轉發]Computex 工業局AI主題館 5/24(二)~5/27(五)南港展覽館1館實體登場,【邀請卡】Computex 工業局AI生活館.pdf
[轉發]「2022 17LIVE直播創新技術大賽」競賽活動,2022 17LIVE直播創新大賽_競賽海報.pdf
[轉發]「2022 17LIVE直播創新技術大賽」競賽活動,004-2022 17LIVE直播創新技術大賽_學校公文.pdf
[轉發]「2022 17LIVE直播創新技術大賽」競賽活動,2022 17LIVE直播創新技術大賽_競賽簡章.pdf
[轉發]【2022凌陽科技 新鮮人招募】,【新鮮人招募海報】凌陽科技2022.pdf
[轉發]【2022凌陽科技 新鮮人招募】,【熱門職缺】凌陽科技2022校園招募.pdf
[轉發]【2022凌陽科技 新鮮人招募】,【新鮮人招募】凌陽科技2022.pdf
"111學年度入學本系大學個人申請5/20團體面試及筆試座位表公告, 詳見附件",02-2_甄試編號與准考證號對應表.docx
"111學年度入學本系大學個人申請5/20團體面試及筆試座位表公告, 詳見附件",111面試座位表_A組.pdf
"111學年度入學本系大學個人申請5/20團體面試及筆試座位表公告, 詳見附件",111面試座位表_B組.pdf
恭喜！李同益老師獲「科技部 110 年度傑出特約研究員」,MOST_Prof_Lee.pdf
恭喜！李同益老師獲「科技部 110 年度傑出特約研究員」,110年度傑出特約研究員名冊.pdf
國立成功大學資訊工程系 誠徵專任教師,資訊工程學系新聘教師表格-姓名.doc
[轉發]成大心智影像研究中心(MRI中心)徵工讀生,MRI中心徵工讀生2名_網頁維護20220516.pdf
[轉發]2022最終場 - Intel Taiwan 校園講座分享 - 5/18 (線上),TW_Campus_Talk_18_May_2022_Poster.pdf
【公告】110-2教學反應調查問卷開放線上填寫,填答通知.pdf
"更新應附文件及申請日期至5/17~無須檢附排名證明~110學年度預研生申請公告,申請作業時間5/1至5/15,申請表格及辦法如系網頁公告",資訊系大學部一貫修讀學、碩士學位辦法103.05.27doc.doc
"更新應附文件及申請日期至5/17~無須檢附排名證明~110學年度預研生申請公告,申請作業時間5/1至5/15,申請表格及辦法如系網頁公告",申請表_資訊系大學部一貫修讀學、碩士學位980622.doc
[轉發]《東京威力科創－2022校園企業說明會》,220322_東京威力_社群平台W493xH716px_成功大學.pdf
[轉發]《東京威力科創－2022校園企業說明會》,東京威力科創－2022校園企業說明會_推廣文宣.odt
[轉發]《東京威力科創－2022校園企業說明會》,東京威力科創－2022校園企業說明會_推廣文宣.docx
[轉發]教育部人才培育計畫臺灣大學多元健康領域推動中心暑期課程招生,111暑期課程招生文宣0511.odt
[轉發]教育部人才培育計畫臺灣大學多元健康領域推動中心暑期課程招生,招生宣傳-實習課程報名.pdf
[轉發]教育部人才培育計畫臺灣大學多元健康領域推動中心暑期課程招生,111年度多元健康教學推動中心與食品創新夥伴學校共同宣傳海報.pdf
[轉發]教育部人才培育計畫臺灣大學多元健康領域推動中心暑期課程招生,111暑期課程招生文宣0511.docx
[轉發]中央研究院資訊科學研究所「後量子密碼學微型講座」海報1份,中研院資訊所PQC講座海報.pdf
111學年度秋季班產業碩士專班(金融科技/資訊)正取生報到注意事項和應繳文件,兵役狀況調查表 (1).pdf
111學年度秋季班產業碩士專班(金融科技/資訊)正取生報到注意事項和應繳文件,棄權書 (1).pdf
111學年度秋季班產業碩士專班(金融科技/資訊)正取生報到注意事項和應繳文件,一樓平面圖.pdf
111學年度秋季班產業碩士專班(金融科技/資訊)正取生報到注意事項和應繳文件,金融科技切 結 書.odt
111學年度秋季班產業碩士專班(金融科技/資訊)正取生報到注意事項和應繳文件,資訊產碩切 結 書.odt
111學年度秋季班產業碩士專班(金融科技/資訊)正取生報到注意事項和應繳文件,資訊產碩專班指導教授同意書 (1).odt
111學年度秋季班產業碩士專班(金融科技/資訊)正取生報到注意事項和應繳文件,金融科技指導教授同意書2022511.odt
[轉發]【2022 法律Ｘ法遵科技黑客松競賽】,2022法律Ｘ法遵科技黑客松競賽海報.pdf
[轉發]臺北市立圖書館留學資料中心-「美國留學攻略＆求職市場」留學講座,0529美國留學攻略＆求職市場post.pdf
5/13(五)seminar採線上上課,Microsoft Teams Demo.pdf
[轉發]「第19届國家新創獎」,0427.pdf
[轉發]「Jetson Family應用微競賽」,1301_001.pdf
[轉發]活動訊息【2022 航發會 x 暑期航空營 】,泛科字第2022050901號.pdf
[轉發]活動訊息【2022 航發會 x 暑期航空營 】,2022航空營_EDM.pdf
[轉發]新思科技 Synopsys Purple 100 Program－Fastrack to SoC Design Career－SoC 晶片設計課程，開放報名！,2022新思Purple 100 Program海報.pdf
[轉發]新思科技 Synopsys Purple 100 Program－Fastrack to SoC Design Career－SoC 晶片設計課程，開放報名！,2022_Synopsys_Purple_100_Program_6May2022.pdf
[轉發]南亞電路板獎學金計畫,2022年南電大專院校獎學金申請辦法.pdf
[轉發]南亞電路板獎學金計畫,2022南電獎學金申請表.pdf
[轉發]南亞電路板獎學金計畫,2022南電獎學金申請表.odt
[轉發]「精密工程專題與論文獎」,scan@email.ncku.edu.tw_20220506_134108.pdf
5/20的seminar採線上上課,20220520成大資工.odt
[轉發] Coding-X計畫的「暑期密集課程」的招生簡章跟活動海報,111年Coding-X活動招生簡章.pdf
[轉發] Coding-X計畫的「暑期密集課程」的招生簡章跟活動海報,2022-CODING-X活動海報.pdf
[轉發]「翔安生醫 醫療AIoT人才培育實習計畫」,實習生 DM.pdf
[轉發]「翔安生醫 醫療AIoT人才培育實習計畫」,Acusense  Introduction.odt
"[112級專題展]同意參展繳交確認, 有部份同學缺交, 恐影響參展及資訊專題成績, 敬請儘速依規定完成",112級專題題目組員與繳交情形-for公告_05.05.xlsx
恭喜！陳培殷老師獲110 年度產學合作成果特優教師-優良獎,110 年度-產學合作成果特優教師獲獎名單.pdf
[轉發]【職場體驗】佳世達科技2022年暑期實習計畫,海報 (4).pdf
[轉發]【永悅健康2022年實習計畫】 歡迎商業開發x工程師x營運管理人才,海報 (5).pdf
[轉發]德州儀器分享會,TI seminar promotion.odt
[轉發]德州儀器分享會,TI seminar promotion.docx
[轉發]TSMC 企業規劃組織人才培訓計劃說明會,海報 (6).pdf
【宜鼎國際】2022暑期實習,02_宜鼎國際暑期實習計劃專用履歷表_220426_寄_.odt
【宜鼎國際】2022暑期實習,02_宜鼎國際暑期實習計劃專用履歷表_220426(寄).doc
【宜鼎國際】2022暑期實習,01_問鼎未來校園種子計劃_220427.pdf
轉貼　邀請成大資訊工程學系同學參與台大發展心理學問卷研究,研究宣傳海報.pdf
博士班資格考參考書目,資格考參考書目1110419.odt
星展銀行_2022線上徵才說明會(成大資訊系學生限定),星展銀行DBS BANK_線上徵才說明會_EDM.20220428.pdf
[產碩]金融科技實務講座 110學年度 第二學期演講資訊(2022.04.28更新),金融科技實務講座計畫表(公告版)20220428 - 學生.xlsx
[112級專題展]提醒:111/5/2(一)前 上網登錄題目、組員及繳交專題題目同意書紙本至系辦,112級大學部畢業專題線上展示規定事項_111.04.08.doc
111學年度博士入學考試審查結果與面試通知,111直接錄取與面試名單.pdf
111學年度博士入學考試審查結果與面試通知,111博士面試通知.pdf
[產碩分發]111學年度資訊產業碩士專班登記分發注意事項,資訊棄權書.pdf
[產碩分發]111學年度金融科技與資訊工程產業碩士專班登記分發注意事項,棄權書 (2).pdf
成大心智影像研究中心(MRI中心)徵工讀生,MRI中心徵工讀生1名_網頁維護_在外張貼.pdf
[產碩面試](4/20更新)111學年度金融科技與資訊工程產業碩士專班面試名單及注意事項,111學年度成功大學金融科技產碩專班 面試時段表0420修正.pdf
[產碩面試](4/20更新)111學年度金融科技與資訊工程產業碩士專班面試名單及注意事項,一樓平面圖0420修正.pptx
[產碩面試](4/20更新)111學年度金融科技與資訊工程產業碩士專班面試名單及注意事項,面試公告(金融科技)0420修正.pdf
國立成功大學資訊工程學系 111學年度大學個人申請學習歷程準備指引,111學習歷程準備指引-資工系_111.04.20.docx
【臺北市政府捷運工程局徵本年度暑期學生實習】,1110415 徵暑期學生實習_台北市政府捷運工程局-1-5.pdf
【臺北市政府捷運工程局徵本年度暑期學生實習】,1110415 徵暑期學生實習_台北市政府捷運工程局-6-10.pdf
「弱勢學生身心就醫費用補助」開始受理申請,國立成功大學弱勢學生身心就醫費用補助申請表-1.odt
「弱勢學生身心就醫費用補助」開始受理申請,海報 (7).pdf
「弱勢學生身心就醫費用補助」開始受理申請,國立成功大學弱勢學生身心就醫費用補助申請表-1.pdf
「弱勢學生身心就醫費用補助」開始受理申請,國立成功大學弱勢學生身心就醫費用補助試行要點-1110314-1.pdf
【國立成功大學星火成焰培育計畫徵件公告(弱勢學生研究津貼補助案)】,國立成功大學星火成焰培育計畫申請書111年(收件期限0520).odt
【國立成功大學星火成焰培育計畫徵件公告(弱勢學生研究津貼補助案)】,國立成功大學星火成焰培育計畫徵件公告.pdf
[產碩面試]111學年度資訊產業碩士專班面試名單及注意事項,111學年度成功大學資訊產碩專班 面試時段表.pdf
[產碩面試]111學年度資訊產業碩士專班面試名單及注意事項,面試公告.pdf
[產碩面試]111學年度資訊產業碩士專班面試名單及注意事項,一樓平面圖.pptx
2022年中華民國國際關係學會年度博碩士論文獎,scan@email.ncku.edu.tw_20220414_115539.pdf
"雙語計畫補助學生各項英檢報名費, 即日起~6/10, 請各位同學踴躍申請",英檢獎勵申請表-for學生.pdf
【校外獎學金】國家中山科學研究院111年上半年延攬大學院校優秀學生獎助金甄選,111年上半年延攬大學院校優秀學生獎助金甄選簡章.pdf
【校外獎學金】國家中山科學研究院111年上半年延攬大學院校優秀學生獎助金甄選,111年獎助生甄選海報(PDF).pdf
"112級專題展改為線上辦理, 繳交時程資訊請詳閱附件",112級大學部畢業專題線上展示規定事項_111.04.08.doc
國立成功大學資訊工程系學系專任教師申請減少授課時數辦法及表格,資訊工程學系專任教師申請減少授課時數辦法1061212updated.odt
國立成功大學資訊工程系學系專任教師申請減少授課時數辦法及表格,107資訊工程學系專任教師申請減少授課時數表格1061212updated.odt
國立成功大學資訊工程系學系專任教師申請減少授課時數辦法及表格,資訊工程學系專任教師申請減少授課時數辦法1100315.odt
[資訊產碩筆試](4/7更新)考生注意：資訊產業碩士專班111筆試注意事項,筆試公告(資訊).pdf
[資訊產碩筆試](4/7更新)考生注意：資訊產業碩士專班111筆試注意事項,一樓平面圖 (1).pptx
[金融科技產碩筆試](4/7更新)考生注意：金融科技與資訊工程產業碩士專班111筆試注意事項,筆試公告(金融科技).pdf
[金融科技產碩筆試](4/7更新)考生注意：金融科技與資訊工程產業碩士專班111筆試注意事項,一樓平面圖 (2).pptx
111學年度資訊工程學系 《個人申請第二階段甄試注意事項》,成大週邊停車資訊.pdf
111學年度資訊工程學系 《個人申請第二階段甄試注意事項》,02-2_111公告及寄發團體面談及筆試時間.docx
111學年度資訊工程學系 《個人申請第二階段甄試注意事項》,02-2_甄試編號與准考證號對應表 (1).docx
111學年度資訊工程學系(APCS組) 《個人申請第二階段甄試注意事項》,成大週邊停車資訊.pdf
111學年度資訊工程學系(APCS組) 《個人申請第二階段甄試注意事項》,111公告APCS面談時間_04.01.docx
111學年度資訊工程學系(普渡雙聯組) 《個人申請第二階段甄試注意事項》,公告普渡組面談時間_final.docx
111學年度資訊工程學系(普渡雙聯組) 《個人申請第二階段甄試注意事項》,成大週邊停車資訊.pdf
[產碩筆試]資訊產業碩士專班111筆試參考書目,111學年產碩入學考試參考書目(資訊).pdf
[產碩筆試]資訊產業碩士專班111筆試參考書目,111學年產碩入學考試參考書目(資訊).odt
[產碩筆試]資訊產業碩士專班111筆試參考書目,111學年產碩入學考試參考書目(資訊).docx
110下國立成功大學-青島勝三與青島清賢伉儷獎學金,國立成功大學青島勝三與青島清賢伉儷獎學金申請要點.pdf
110下國立成功大學-青島勝三與青島清賢伉儷獎學金,a1492-320申請表格.odt
110下國立成功大學-青島勝三與青島清賢伉儷獎學金,a1492-320.pdf
創律國際法律事務所- 徵才資訊（專利工程師）,創律- 專利工程師JD.pdf
老人醫院籌備營運處誠徵專任人員,20220318專任助理徵才公告_RV.odt
老人醫院籌備營運處誠徵專任人員,20220318專任助理徵才公告_RV.pdf
[產碩筆試]金融科技與資訊工程產業碩士專班111筆試參考書目,111學年產碩入學考試參考書目(金融科技).pdf
[產碩筆試]金融科技與資訊工程產業碩士專班111筆試參考書目,111學年產碩入學考試參考書目(金融科技).odt
[產碩筆試]金融科技與資訊工程產業碩士專班111筆試參考書目,111學年產碩入學考試參考書目(金融科技).docx
第十六屆中華開發「薪傳100 x 課輔100」清寒獎助學金,第十六屆「薪傳100×課輔100」獎助學金申請表格.odt
第十六屆中華開發「薪傳100 x 課輔100」清寒獎助學金,第十六屆「薪傳100 X 課輔100」申請公告.odt
第十六屆中華開發「薪傳100 x 課輔100」清寒獎助學金,111年-第十六屆薪傳100公文.odt
第十六屆中華開發「薪傳100 x 課輔100」清寒獎助學金,第十六屆「薪傳100×課輔100」獎助學金申請表格.pdf
第十六屆中華開發「薪傳100 x 課輔100」清寒獎助學金,第十六屆「薪傳100 X 課輔100」申請公告.pdf
第十六屆中華開發「薪傳100 x 課輔100」清寒獎助學金,111年-第十六屆薪傳100公文.pdf
台泥企業團菁英人才獎學金方案&台泥企業團暑期實習方案,2022實習EDM-繁.pdf
台泥企業團菁英人才獎學金方案&台泥企業團暑期實習方案,獎學金google表單連結.pdf
台泥企業團菁英人才獎學金方案&台泥企業團暑期實習方案,2022獎學金EDM.3.2-繁pptx.pdf
台泥企業團菁英人才獎學金方案&台泥企業團暑期實習方案,台泥企業團-獎學金辦法-2022.pdf
財團法人臺南市臺疆祖廟大觀音亭暨祀典興濟宮110學年度第一學期「高中暨專科以上學校中低、低收入戶清寒優秀獎學金」 申請辦法,110學年度第一學期獎學金申請辦法+表格.odt
財團法人臺南市臺疆祖廟大觀音亭暨祀典興濟宮110學年度第一學期「高中暨專科以上學校中低、低收入戶清寒優秀獎學金」 申請辦法,110學年度第一學期獎學金申請辦法+表格.pdf
摩根投信獎助學金計畫,111年度摩根投信深耕計畫獎助學金專案_申請表格.odt
摩根投信獎助學金計畫,111年度摩根投信深耕計畫獎助學金專案_簡章.odt
摩根投信獎助學金計畫,國立成功大學.odt
摩根投信獎助學金計畫,111年度摩根投信深耕計畫獎助學金專案_申請表格.docx
摩根投信獎助學金計畫,111年度摩根投信深耕計畫獎助學金專案_簡章.docx
摩根投信獎助學金計畫,國立成功大學.pdf
111學年度碩士備取生請注意(資訊所/醫資所),研究生指導教授同意書(資訊所).odt
111學年度碩士備取生請注意(資訊所/醫資所),切 結 書.odt
111學年度碩士備取生請注意(資訊所/醫資所),研究生指導教授同意書(醫資所).odt
111學年度碩士備取生請注意(資訊所/醫資所),棄權書.odt
111學年度碩士備取生請注意(資訊所/醫資所),棄權書.DOC
111學年度碩士備取生請注意(資訊所/醫資所),研究生指導教授同意書(醫資所).docx
111學年度碩士備取生請注意(資訊所/醫資所),切 結 書.doc
111學年度碩士備取生請注意(資訊所/醫資所),研究生指導教授同意書(資訊所).doc
恭賀!!蔣榮先教授指導學生方郁文獲得教育部全國大專校院人工智慧競賽-農業文章文字標註及辨識競賽第一名及創意獎,方郁文-第一名.pdf
恭賀!!蔣榮先教授指導學生方郁文獲得教育部全國大專校院人工智慧競賽-農業文章文字標註及辨識競賽第一名及創意獎,方郁文-創意獎.pdf
2022 群創光電 InnoStar Plus暑期實習『強力募集』,暑期實習宣傳 DM.pdf
宏正自動科技(ATEN) -3/13就博會活動資訊，「戶外攤位」編號：234、235,宏正自動科技2022 校園召募｜正職&預聘.pdf
資訊系排開課作業要點,資訊系排開課作業要點_111.02.22.docx
111學年度國內交換生申請,111公告.odt
111學年度國內交換生申請,111公告.pdf
2022年美律校園徵才預告,image004 (2).pdf
2022年美律校園徵才預告,image003 (3).pdf
[資訊所] 至外系修課申請表,資訊所至外系修課申請表.odt
[資訊所] 至外系修課申請表,資訊所至外系修課申請表.doc
110下博士資格考公告,111.5.6資格考公告.odt
110下博士資格考公告,111.5.6資格考公告.doc
【※重要通知】本校優秀博士生獎勵補助原則及申請表,附件一-國立成功大學優秀博士生獎勵補助原則.odt
【※重要通知】本校優秀博士生獎勵補助原則及申請表,優秀博士生獎勵補助原則學系函.odt
【※重要通知】本校優秀博士生獎勵補助原則及申請表,附件二-國立成功大學優秀博士生獎勵補助申請表.odt
【※重要通知】本校優秀博士生獎勵補助原則及申請表,附件一-國立成功大學優秀博士生獎勵補助原則.pdf
【※重要通知】本校優秀博士生獎勵補助原則及申請表,優秀博士生獎勵補助原則學系函.pdf
"111學年度本系大學甄試個人申請-APCS面試時程公告,其他細節將於第一階段篩選結果後再行公告",111公告APCS面談時間_03.07.docx
"111學年度本系大學甄試個人申請-普渡組面試時程公告,其他細節將於第一階段篩選結果後再行公告",111公告普渡組面談時間_03.07.docx
"111學年度本系大學甄試個人申請面試時程公告,其他細節將於第一階段篩選結果後再行公告",01_111系網公告團體面談及筆試時間_03.07.docx
資訊系博士班一般組直升博士開始接受申請,直升博士公告.odt
資訊系博士班一般組直升博士開始接受申請,直升博士公告.doc
【2022年富邦金控MA儲備幹部計畫】 已開放申請至3/31(四)截止!,海報 (8).pdf
【活動訊息】2022 新思科技 ARC 盃 AIoT 設計應用競賽－即日起開放收件！,2022新思科技ARC盃AIoT設計應用競賽.pdf
永豐金控百萬年薪 儲備AI科學家 招募說明會,附件一：2022-永豐Turing Plan應徵專用申請表.odt
永豐金控百萬年薪 儲備AI科學家 招募說明會,附件一：2022-永豐Turing Plan應徵專用申請表.doc
永豐金控百萬年薪 儲備AI科學家 招募說明會,2022Turing Plan _永豐儲備AI科學家招募專案_成大版.pdf
永豐金控百萬年薪 儲備AI科學家 招募說明會,附件二：2022Turing Plan招募說明會EDM.pdf
財團法人福琳工商發展基金會工商學生清寒獎學金,福琳基金會工商清寒獎學金公告函－大學A.odt
財團法人福琳工商發展基金會工商學生清寒獎學金,福琳基金會工商清寒獎學金辦法.odt
財團法人福琳工商發展基金會工商學生清寒獎學金,福琳基金會工商清寒獎學金申請表.odt
財團法人福琳工商發展基金會工商學生清寒獎學金,福琳基金會工商清寒獎學金申請表.doc
財團法人福琳工商發展基金會工商學生清寒獎學金,福琳基金會工商清寒獎學金辦法.doc
財團法人福琳工商發展基金會工商學生清寒獎學金,福琳基金會工商清寒獎學金公告函－大學A.doc
成大醫院老人醫院籌設營運處，誠徵兼任助理,WE are hiring.pdf
seminar更改為上課要刷兩次才算出席一次,seminar上課規定(下學期).doc
資訊系所整合課程規劃架構圖-109學年起入學學生適用,資訊系所整合課程規劃架構圖-109學年起入學學生適用_111.02.16.docx
資訊系所整合課程規劃架構圖-106-108學年入學學生適用,資訊系所整合課程規劃架構圖-106-108學年入學學生適用_111.02.16.docx
資訊系大學部必修課程結構表-109學年起入學學生適用,資訊系大學部必修課程結構表-109學年起入學學生適用_111.02.16.docx
資訊系大學部必修課程結構表-106-108學年入學學生適用,資訊系大學部必修課程結構表-106-108學年入學學生適用_111.02.16.docx
【蝦皮儲備幹部】GLP 即將開放投遞！ #搶先公開 #首場線上說明會 #現任儲備幹部全面解密,海報.odt
【企業徵才】宏正自動科技2022 校園召募｜正職&預聘,宏正自動科技2022 校園召募｜正職&預聘 (1).pdf
"110學年度下學期【64級系友獎學金】申請公告, 即日起~3/21截上",清寒程度審核表 (1).doc
"110學年度下學期【64級系友獎學金】申請公告, 即日起~3/21截上",獎學金空白申請表-64級系友獎學金.doc
<更新地點>電資學院「院長時間2/21」即日起開放報名囉！,電機系館1F靄雲廳位置圖.pdf
財團法人福琳工商發展基金會工商學生清寒獎學金,福琳基金會工商清寒獎學金公告函－大學A (1).odt
財團法人福琳工商發展基金會工商學生清寒獎學金,福琳基金會工商清寒獎學金辦法 (1).odt
財團法人福琳工商發展基金會工商學生清寒獎學金,福琳基金會工商清寒獎學金申請表 (1).odt
財團法人福琳工商發展基金會工商學生清寒獎學金,福琳基金會工商清寒獎學金申請表 (1).doc
財團法人福琳工商發展基金會工商學生清寒獎學金,福琳基金會工商清寒獎學金辦法 (1).doc
財團法人福琳工商發展基金會工商學生清寒獎學金,福琳基金會工商清寒獎學金公告函－大學A (1).doc
群創光電【2022 年校招線上首映會】即日起開始報名,認識群創研替預聘.pdf
群創光電【2022 年校招線上首映會】即日起開始報名,文宣一.pdf
【2022 Garena MIP 實習生菁英計劃 1/27～3/4 開放申請！】,Garena MIP 實習生計劃相關資訊 (1).odt
【2022 Garena MIP 實習生菁英計劃 1/27～3/4 開放申請！】,EDM (5) (1).pdf
競賽通知‼️【亞洲商業模式競賽】,主視覺1200x1800_5.pdf
競賽通知‼️【亞洲商業模式競賽】,EMAIL推廣懶人包.odt
競賽通知‼️【亞洲商業模式競賽】,競賽資訊懶人包(line fb).odt
競賽通知‼️【亞洲商業模式競賽】,EMAIL推廣懶人包.docx
競賽通知‼️【亞洲商業模式競賽】,競賽資訊懶人包(line fb).docx
中央研究院人文社會科學研究中心調查研究專題中心  2022 年第 1 次徵求獎助生,徵獎助生_中研院調研中心111年第1次(全).pdf
中央研究院人文社會科學研究中心調查研究專題中心  2022 年第 1 次徵求獎助生,徵獎助生_中研院調研中心111年第1次(全).odt
"【聯華電子】2022 福虎生風~校園徵才系列""預聘""卡位戰開跑嘍！",預聘卡位QRcode.odt
"【聯華電子】2022 福虎生風~校園徵才系列""預聘""卡位戰開跑嘍！",預聘卡位QRcode.pdf
【實習徵才訊息】Hour Loop 飛輪電商,Hour Loop - Engineer Intern-2022.odt
【實習徵才訊息】Hour Loop 飛輪電商,Hour Loop - Engineer Intern-2022.docx
<競賽訊息>「青春無菸好young」影片競賽活動簡章1份,青春無菸好young.odt
<競賽訊息>「青春無菸好young」影片競賽活動簡章1份,青春無菸好young.PDF
110下博士資格考開始申請至2/11(五)止,110第二學期資格考公告.odt
110下博士資格考開始申請至2/11(五)止,110第二學期資格考公告.doc
成大藥劑部徵聘資訊工程師,202112-015.pdf
成大藥劑部徵聘資訊工程師,202112-015.odt
2022 HPC年會學生比賽，寒假訓練班招募,HPC年會學生比賽訓練內容-20211230v4.pdf
2022 HPC年會學生比賽，寒假訓練班招募,寒訓時間表.pdf
[大學部]-大學部離校手續單更新,離校程序單_111.01.05 (1).doc
110上學期資訊系大學部同學離校手續流程,離校程序單_111.01.05 (2).doc
凌陽科技2022校園招募 | 畢業新鮮人,【熱門職缺】凌陽科技2022校園招募.odt
凌陽科技2022校園招募 | 畢業新鮮人,【新鮮人招募】凌陽科技2022.odt
凌陽科技2022校園招募 | 畢業新鮮人,【熱門職缺】凌陽科技2022校園招募 (1).pdf
凌陽科技2022校園招募 | 畢業新鮮人,【新鮮人招募】凌陽科技2022 (1).pdf
國立成功大學資訊工程系 誠徵專任教師(延長至2/9),資訊工程學系新聘教師表格-姓名.doc
2022水資料應用競賽,2022年水資料應用競賽辦法.odt
2022水資料應用競賽,2022年水資料應用競賽辦法.pdf
中央研究院江彥生老師徵求程式助理,中央研究院江彥生老師徵求程式助理.odt
中央研究院江彥生老師徵求程式助理,中央研究院江彥生老師徵求程式助理.pdf
恭賀!!蔣榮先老師獲聯合國教科文組織(UNESCO)推舉為全球最頂尖的十大AI團隊,蔣老師獲聯合國教科文組織(UNESCO)推舉為全球最頂尖的十大AI團隊.pdf
【Yahoo Taiwan】2022 暑期實習生＆線上徵才說明會正式開跑,Yahoo 2022 Summer Internship eDM.pdf
[大學部]-上下學期課程開設列表,資訊系上下學期開課課程列表_110.12.22.xlsx
111學年度資訊所與醫資所指導教授同意書與切結書,研究生指導教授同意書(資訊所) (1).odt
111學年度資訊所與醫資所指導教授同意書與切結書,切 結 書 (1).odt
111學年度資訊所與醫資所指導教授同意書與切結書,研究生指導教授同意書(資訊所) (1).doc
111學年度資訊所與醫資所指導教授同意書與切結書,切 結 書 (1).doc
111學年度資訊所與醫資所指導教授同意書與切結書,研究生指導教授同意書(醫資所) (1).odt
111學年度資訊所與醫資所指導教授同意書與切結書,研究生指導教授同意書(醫資所) (1).docx
醫資導論出席次數,110上 醫資導論 點名紀錄 - 點名紀錄.pdf
 2022 KKCompany Tomorrow Lab 種子培育計畫_軟體開發人才招募,（敬邀 ）【 KKCompany 】 2022 KKCompany Tomorrow Lab 種子培育計畫_軟體開發人才招募    .odt
(1101216更新)碩博士學位考試注意事項,碩博士學位考試注意事項1050525.odt
(1101216更新)碩博士學位考試注意事項,碩博士學位考試注意事項1101216.doc
教育部先進資通安全實務人才培育計畫─資訊安全相關工作及實習職缺公告與媒合,公文列印.odt
教育部先進資通安全實務人才培育計畫─資訊安全相關工作及實習職缺公告與媒合,公文列印 (1).pdf
成大學則及選課辦法修訂,成大學則(110.06修正).pdf
成大學則及選課辦法修訂,學生選課辦法(110.06修正).pdf
【Garena 2022 MAP 儲備幹部菁英計劃】,【 Garena MAP 儲備幹部菁英計劃】.pdf
(12/06更新附件)111學年度資訊所與醫資所每位老師可收碩班新生名額,老師收學生名單.xlsx
 國巨股份有限公司教育獎學金,申請辦法-1-4.odt
 國巨股份有限公司教育獎學金,申請辦法-5-8.odt
國家圖書館紙本論文延後公開申請書,論文延後公開檢附文件範例.odt
國家圖書館紙本論文延後公開申請書,國家圖書館學位論文延後公開申請書(109新版).odt
國家圖書館紙本論文延後公開申請書,論文延後公開檢附文件範例.docx
國家圖書館紙本論文延後公開申請書,國家圖書館學位論文延後公開申請書(109新版).pdf
110年文化部獎助大學研究生撰寫蒙藏研究論文公告周知,scan@email.ncku.edu.tw_20211130_092959.odt
110年文化部獎助大學研究生撰寫蒙藏研究論文公告周知,scan@email.ncku.edu.tw_20211130_092959.pdf
"CMoney儲備產品經理（Associate Product Management, APM）培訓計畫 - 培養未來的CEO",CMoney儲備產品經理培訓計畫 - For 成大資工 (20211130).odt
"CMoney儲備產品經理（Associate Product Management, APM）培訓計畫 - 培養未來的CEO",CMoney儲備產品經理培訓計畫 - For 成大資工 (20211130).docx
第二十二屆旺宏金矽獎競賽,附件1126.odt
第二十二屆旺宏金矽獎競賽,附件1126.pdf
財團法人感恩社會福利基金會之獎學金,WebFile.ashx (3).odt
財團法人感恩社會福利基金會之獎學金,WebFile.ashx (2).odt
財團法人感恩社會福利基金會之獎學金,WebFile.ashx (1).odt
財團法人感恩社會福利基金會之獎學金,WebFile.ashx (1).pdf
財團法人感恩社會福利基金會之獎學金,WebFile.ashx (3).pdf
財團法人感恩社會福利基金會之獎學金,WebFile.ashx (2).pdf
2022 Ring和eero校園招募正式開跑（臺北和新竹都有大量職缺，歡迎投遞!）,FY22 Ring Campus Recruitment  Leaflet.odt
2022 Ring和eero校園招募正式開跑（臺北和新竹都有大量職缺，歡迎投遞!）,FY22 Ring Campus Recruitment  Leaflet.pdf
"(速件)110下直升博士已開始接受申請,申請至12/2(四)止",110下直升博士申請.odt
"(速件)110下直升博士已開始接受申請,申請至12/2(四)止",110下直升博士申請.doc
更新本系111學年度入學之特殊選才-乙組上機考試範例及教學公告-新增編輯器,111學年度入學資訊工程系特殊選才乙組考試公告-11.19.pdf
更新本系111學年度入學之特殊選才-乙組上機考試範例及教學公告-新增編輯器,111學年度資訊工程學系特殊選才招生考試公告-乙組.pdf
更新!!111學年度入學特殊選才招生考試-甲組 考試公告(含其他上機考試環境說明),111學年度資訊工程學系特殊選才招生考試公告-甲組.docx
轉知 「教育部與世界百大合作設置獎學金-KAIST項目」線上說明會,KAIST_Graduate_Admissions_for_International_Students.odt
[轉知教務處課務組訊息]尊重智慧財產權觀念宣導--請使用正版教學用書，勿使用非法電子書或於社群平臺轉貼境外疑似侵權網站網址供他人連結。,尊重智慧財產權觀念宣導-1-8.pdf
[轉知教務處課務組訊息]尊重智慧財產權觀念宣導--請使用正版教學用書，勿使用非法電子書或於社群平臺轉貼境外疑似侵權網站網址供他人連結。,尊重智慧財產權觀念宣導-9-16.pdf
[轉知教務處課務組訊息]尊重智慧財產權觀念宣導--請使用正版教學用書，勿使用非法電子書或於社群平臺轉貼境外疑似侵權網站網址供他人連結。,尊重智慧財產權觀念宣導-17-24.pdf
【正修科技大學-徵聘教師公告】,正修科技大學-徵聘教師公告.odt
【正修科技大學-徵聘教師公告】,正修科技大學-徵聘教師公告.pdf
2022 華碩 AICS 校園招募說明會,A1_poster_成功大學_1203_資工類.odt
華碩AI研發中心智慧醫療職務線上招募說明會,A1_poster_成功大學_1129_生醫類.odt
『SEMICON Taiwan 2021國際半導體展』,ST2021國際半導體展_請協助張貼公告.odt
『SEMICON Taiwan 2021國際半導體展』,SEMICON Taiwan Group registration template.xlsx
『SEMICON Taiwan 2021國際半導體展』,ST2021國際半導體展_請協助張貼公告.pdf
TCS Global Coding Contest - CodeVita 10th starts registration now !,CodeVita比賽報名辦法及相關事項_2021.odt
TCS Global Coding Contest - CodeVita 10th starts registration now !,CodeVita比賽報名辦法及相關事項_2021.pdf
TCS Global Coding Contest - CodeVita 10th starts registration now !,Poster.odt
生輔組第2次通知：通知本校具有弱勢身分者，請踴躍申請任江履昇女士清寒獎學金。(新生一年級請於二上再予申請。),a13101-010.pdf
生輔組第2次通知：通知本校具有弱勢身分者，請踴躍申請任江履昇女士清寒獎學金。(新生一年級請於二上再予申請。),a13101-010.odt
生輔組第2次通知：通知本校具有弱勢身分者，請踴躍申請任江履昇女士清寒獎學金。(新生一年級請於二上再予申請。),a13101-010申請表格.odt
【徵才】11/26(五)建興儲存科技1、2、3實體徵才講座！履歷健診！開跑| XBOX、AirPods Pro、機械鍵盤大獎等你抽,20211126_成大_校徵講座.odt
【徵才】11/26(五)建興儲存科技1、2、3實體徵才講座！履歷健診！開跑| XBOX、AirPods Pro、機械鍵盤大獎等你抽,20211126_成大_校徵講座.pdf
[Google Taiwan] 2022 校園徵才資訊與線上說明會 YouTube Livestream,Google Event FB宣傳.odt
[Google Taiwan] 2022 校園徵才資訊與線上說明會 YouTube Livestream,Google Event FB宣傳.pdf
[Google Taiwan] 2022 校園徵才資訊與線上說明會 YouTube Livestream,2022 Google Campus Talk (1).odt
[Google Taiwan] 2022 校園徵才資訊與線上說明會 YouTube Livestream,2022 Google Campus Talk (1).pdf
110上學期 64級獎學金得獎者名單，請得獎同學儘速至系辦簽名，以利獎學金的金滙入,64級獎學金得獎公告.docx
(提醒)有關國圖論文延後公開未補資料,論文延後公開檢附文件範例 (1).odt
(提醒)有關國圖論文延後公開未補資料,國家圖書館學位論文延後公開申請書(109新版).odt
(提醒)有關國圖論文延後公開未補資料,國家圖書館學位論文延後公開申請書(109新版).pdf
(提醒)有關國圖論文延後公開未補資料,論文延後公開檢附文件範例 (1).docx
"110(1)資訊專題學生-指導教授名單確認, 請有問題的同學於11/15前告知系辦趙小姐, 謝謝",110學年上學期 專題學生及指導教授名單_110.11.03.docx
恭賀蔣榮先老師榮獲科技部2021未來科技獎,01.pdf
110 學年度廣達-成⼤ AI 研究中⼼實習⽣招募,110學年度廣達-成大AI研究中心實習生招募.odt
110 學年度廣達-成⼤ AI 研究中⼼實習⽣招募,110學年度廣達-成大AI研究中心實習生招募.pdf
經濟部工業局公私(產學)共育國內外高階人才計畫-11/24在台國際生交流攬才活動,活動海報.odt
經濟部工業局公私(產學)共育國內外高階人才計畫-11/24在台國際生交流攬才活動,在台國際生交流活動_mail廣宣.odt
經濟部工業局公私(產學)共育國內外高階人才計畫-11/24在台國際生交流攬才活動,在台國際生交流活動_學校公告廣宣.odt
經濟部工業局公私(產學)共育國內外高階人才計畫-11/24在台國際生交流攬才活動,在台國際生交流活動_mail廣宣.docx
經濟部工業局公私(產學)共育國內外高階人才計畫-11/24在台國際生交流攬才活動,在台國際生交流活動_學校公告廣宣.docx
Kdan Mobile Taiwan 凱鈿行動科技 擴大徵才計畫,凱鈿招募DM(資工).odt
群創光電【2021 年前轉職線上說明會】即日起開始報名,說明會報名_QRCODE.odt
群創光電【2021 年前轉職線上說明會】即日起開始報名,說明會報名_QRCODE.pdf
財團法人台南市國立成功大學校友文教基金會-成功大學學生急難助學金公告,台南市成大校友文教基金會急難獎助學金申請書.odt
財團法人台南市國立成功大學校友文教基金會-成功大學學生急難助學金公告,台南市成大校友文教基金會急難獎助學金申請書.docx
[推甄]111學年度人工智慧科技碩士學位學程面試時間表及注意事項,111學年度成功大學AI學程推甄面試時間表.odt
[推甄]111學年度人工智慧科技碩士學位學程面試時間表及注意事項,一樓平面圖 (4).pptx
[推甄]111學年度人工智慧科技碩士學位學程面試時間表及注意事項,AI學程推甄面試注意事項.pdf
[推甄]111學年度人工智慧科技碩士學位學程面試時間表及注意事項,111學年度成功大學AI學程推甄面試時間表.pdf
[推甄]111學年度人工智慧科技碩士學位學程面試時間表及注意事項,AI學程推甄面試注意事項.odt
111學年度碩博士推甄(資工所/醫資所) 面試時間表及注意事項,資訊與醫資碩博推甄面試通知.odt
111學年度碩博士推甄(資工所/醫資所) 面試時間表及注意事項,111各所面試時間表.odt
111學年度碩博士推甄(資工所/醫資所) 面試時間表及注意事項,資訊與醫資碩博推甄面試通知.doc
111學年度碩博士推甄(資工所/醫資所) 面試時間表及注意事項,111各所面試時間表.doc
國立成功大學資訊工程系 誠徵專任教師,資訊工程學系新聘教師表格-姓名.doc
2022 AWS雲端技術支援團隊校園招募正式開跑（臺北和都柏林都有大量職缺，歡迎投遞!）,CSA Job Leaflet 2022.odt
2022 AWS雲端技術支援團隊校園招募正式開跑（臺北和都柏林都有大量職缺，歡迎投遞!）,CSA Job Leaflet 2022.pdf
台灣國際造船公司獎學金甄選,1.台灣國際造船股份有限公司獎學金設置要點(110年下半年甄選).odt
台灣國際造船公司獎學金甄選,1.台灣國際造船股份有限公司獎學金設置要點(110年下半年甄選).pdf
台灣國際造船公司獎學金甄選,船管字1106651294號函-獎學金甄選.pdf
111學年度國立成功大學資訊工程所與醫學資訊所碩博士推甄直接錄取與面試名單,111學年度各所直接錄取與面試名單.odt
111學年度國立成功大學資訊工程所與醫學資訊所碩博士推甄直接錄取與面試名單,111學年度各所直接錄取與面試名單.pdf
111學年度人工智慧科技碩士學位學程推甄第一階段審查結果,111學年度AI學程直接錄取與面試名單.odt
111學年度人工智慧科技碩士學位學程推甄第一階段審查結果,111學年度AI學程直接錄取與面試名單.pdf
"尚未在開學二星期內填寫[110(1)資訊專題指導老師google表單]的同學,請務必在10/27前上網填寫,否則期末成績如無指導教授則會以0分計算, 請自行負責",110學年上學期 專題學生及指導教授名單_110.10.docx
 生輔組通知：通知本校具有弱勢身分者，請踴躍申請任江履昇女士清寒獎學金。(新生一年級請於二上再予申請。),a13101-010 (1).odt
 生輔組通知：通知本校具有弱勢身分者，請踴躍申請任江履昇女士清寒獎學金。(新生一年級請於二上再予申請。),a13101-010 (1).pdf
 生輔組通知：通知本校具有弱勢身分者，請踴躍申請任江履昇女士清寒獎學金。(新生一年級請於二上再予申請。),a13101-010申請表格 (1).odt
財團法人台北市賽珍珠基金會，邀您一同分享新住民子女獎助學金計畫，期限至10/31(日)截止,109學年度新住民子女獎學金計畫.odt
財團法人台北市賽珍珠基金會，邀您一同分享新住民子女獎助學金計畫，期限至10/31(日)截止,109學年度新住民子女獎學金計畫.pdf
財團法人台北市賽珍珠基金會，邀您一同分享新住民子女獎助學金計畫，期限至10/31(日)截止,新住民子女獎助學金計畫(一般組 )0923.odt
財團法人台北市賽珍珠基金會，邀您一同分享新住民子女獎助學金計畫，期限至10/31(日)截止,新住民子女獎助學金計畫(一般組 )0923.doc
延期公告: 2022 VLSI-DAT Symposium論文募集,2022 VLSI-DAT_Call for Papers_0818_extension.odt
延期公告: 2022 VLSI-DAT Symposium論文募集,2022 VLSI-DAT_Call for Papers_0818_extension.pdf
2021第一屆捷運盃黑客松－尋找黑捷客,附件1-第一屆捷運盃黑客松尋找黑捷客參賽辦法.pdf
2021第一屆捷運盃黑客松－尋找黑捷客,附件3-臺北捷運新聞稿.doc
2021第一屆捷運盃黑客松－尋找黑捷客,附件2-海報.odt
2021第一屆捷運盃黑客松－尋找黑捷客,附件3-臺北捷運新聞稿.odt
2021第一屆捷運盃黑客松－尋找黑捷客,附件1-第一屆捷運盃黑客松尋找黑捷客參賽辦法.odt
Siemens EDA (Mentor Graphics 明導國際) - 徵才資訊刊登 – Software Engineer – Placement & Routing,SiemensEDA_SoftwareEngineer_JD_post_2021_1015.odt
Siemens EDA (Mentor Graphics 明導國際) - 徵才資訊刊登 – Software Engineer – Placement & Routing,SiemensEDA_SoftwareEngineer_JD_post_2021_1015.docx
Siemens EDA (Mentor Graphics 明導國際) - 徵才資訊刊登 – Software Engineer – Placement & Routing,SiemensEDA_SoftwareEngineer_JD_post_2021_1015.pdf
國立成功大學資訊工程學系雙主修申請辦法及表格,雙學位申請辦法及申請表_110.09.14系務會議修訂通過.odt
國立成功大學資訊工程學系輔系申請辦法及表格,輔系申請辦法及申請表_110.09.14系務會議修訂通過.docx
110(1)資訊工程倫理與生涯規劃上課表更新!,110資訊倫理與生涯規劃上課週表-updated110.10.14.docx
110年營養教育說故事比賽，請踴躍報名參加,1109921098臺南市衛生局函-為強化營養教育，辦理110年營養教育說故事比賽.odt
110年營養教育說故事比賽，請踴躍報名參加,1109921098臺南市衛生局函-為強化營養教育，辦理110年營養教育說故事比賽.pdf
"110上 學期【64級系友獎學金】延長申請公告, 即日起~10/21, 請各位同學踴躍申請",獎學金空白申請表-電機系64級系友獎學金-107.06.14.doc
"110上 學期【64級系友獎學金】延長申請公告, 即日起~10/21, 請各位同學踴躍申請",清寒程度審核表 (2).doc
"110上 學期【64級系友獎學金】延長申請公告, 即日起~10/21, 請各位同學踴躍申請",家境清寒具體說明書 (1).docx
【IDMC'22】 Call for Abstract,海報 (1).odt
人工智慧科技碩士學位學程學分承認與抵免辦法,(108入學適用)AI學程學分承認與抵免辦法1071204.odt
人工智慧科技碩士學位學程學分承認與抵免辦法,(109後入學適用)AI學程學分承認與抵免辦法109(1090512).odt
人工智慧科技碩士學位學程學分承認與抵免辦法,學分抵免注意事項(AI學程)1100903.odt
人工智慧科技碩士學位學程學分承認與抵免辦法,人工智慧科技學位學程 畢業學分承認注意事項(選課注意).odt
林口新創園跨界超越競賽,2021林口新創園跨界超越競賽-競賽辦法.pdf
林口新創園跨界超越競賽,林口新創園跨界超越競賽宣傳EDM.odt
林口新創園跨界超越競賽,林口新創園跨界超越競賽宣傳EDM.pdf
綠獎「青少年環境行動獎」徵獎 10 月 31 日截止,綠獎「青少年環境行動獎」徵獎 10月31日截止.odt
綠獎「青少年環境行動獎」徵獎 10 月 31 日截止,綠獎「青少年環境行動獎」徵獎 10月31日截止.pdf
2021年 鴻海科技獎辦法公告,2021鴻海教育基金會獎學金_科技獎申請表.docx
2021年 鴻海科技獎辦法公告,2021鴻海教育基金會_科技獎辦法公告.pdf
2021年 鴻海科技獎辦法公告,2021鴻海教育基金會獎學金_科技獎申請表.odt
2021年 鴻海科技獎辦法公告,2021鴻海教育基金會_科技獎辦法公告.odt
110上資格考公告,110.1112資格考公告.odt
110上資格考公告,110.1112資格考公告.doc
博士班資格考 考古題107-109年度,107學年度上.zip
博士班資格考 考古題107-109年度,107學年度下.zip
博士班資格考 考古題107-109年度,108學年度上.zip
博士班資格考 考古題107-109年度,108學年度下.zip
博士班資格考 考古題107-109年度,109學年度上.zip
博士班資格考 考古題107-109年度,109學年度下.zip
【2021第十一屆達興材料研究生獎學金】,第十一屆達興材料研究生獎學金申請辦法與表單.odt
【2021第十一屆達興材料研究生獎學金】,2021獎學金QA.odt
【2021第十一屆達興材料研究生獎學金】,獎學金google表單QR CODE.odt
【2021第十一屆達興材料研究生獎學金】,2021 獎學金 EDM.odt
【2021第十一屆達興材料研究生獎學金】,2021 獎學金 EDM.pdf
【2021第十一屆達興材料研究生獎學金】,獎學金google表單QR CODE.pdf
【2021第十一屆達興材料研究生獎學金】,2021獎學金QA.PDF
【2021第十一屆達興材料研究生獎學金】,第十一屆達興材料研究生獎學金申請辦法與表單.pdf
【2021第十一屆達興材料研究生獎學金】,第十一屆達興材料研究生獎學金申請辦法與表單.doc
(最後通知)未檢查大學部基礎課名單,外籍生基礎課程認定表(AI)_英文  (1).odt
(最後通知)未檢查大學部基礎課名單,外籍生基礎課程認定表(AI) (3).odt
(最後通知)未檢查大學部基礎課名單,外籍生基礎課認定表(醫資所)_英文.odt
(最後通知)未檢查大學部基礎課名單,外籍生基礎課認定表(醫資所) (2).odt
(最後通知)未檢查大學部基礎課名單,外籍生基礎課程認定表(資訊)_英文 (1).odt
(最後通知)未檢查大學部基礎課名單,外籍生基礎課程認定表(資訊) (2).odt
2021 國泰卓越獎助計畫,海報 (2).odt
2021 國泰卓越獎助計畫,海報 (9).pdf
羅東博愛醫院110年第2次獎助學金,110年第二次羅東博愛醫院獎助學金-海報.odt
羅東博愛醫院110年第2次獎助學金,110年第二次羅東博愛醫院獎助學金-海報.pdf
羅東博愛醫院110年第2次獎助學金,獎助學金實施辦法-1100423(外部版).odt
羅東博愛醫院110年第2次獎助學金,獎助學金實施辦法-1100423(外部版).pdf
台灣英特爾 - 領航AI 創造精彩 2021 Intel® DevCup x OpenVINO,海報 (10).pdf
台灣英特爾 - 領航AI 創造精彩 2021 Intel® DevCup x OpenVINO,海報 (3).odt
(台積電徵才)台積電預聘暨研發替代役-預辦登積計畫活動,預辦登積計畫EDM_Final.odt
(台積電徵才)台積電預聘暨研發替代役-預辦登積計畫活動,預辦登積計畫EDM_Final.pdf
【競賽資訊分享】2021創新創業競賽,海報(中).pdf
【競賽資訊分享】2021創新創業競賽,海報(英).pdf
【競賽資訊分享】2021創新創業競賽,宣傳內容 (1).odt
【競賽資訊分享】2021創新創業競賽,宣傳內容 (1).docx
(注意)煩請協助通知所屬學生110-1尚未註冊及選課學生，儘速完成繳費及選課,110資訊與多媒博士.xlsx
(注意)煩請協助通知所屬學生110-1尚未註冊及選課學生，儘速完成繳費及選課,110上資訊碩士.xls
(注意)煩請協助通知所屬學生110-1尚未註冊及選課學生，儘速完成繳費及選課,110醫資.xls
(注意)煩請協助通知所屬學生110-1尚未註冊及選課學生，儘速完成繳費及選課,110資訊與多媒博士.ods
(注意)煩請協助通知所屬學生110-1尚未註冊及選課學生，儘速完成繳費及選課,110醫資.ods
(注意)煩請協助通知所屬學生110-1尚未註冊及選課學生，儘速完成繳費及選課,110上資訊碩士.ods
檢查大學基礎課是否修過,外籍生基礎課程認定表(AI)_英文 .doc
檢查大學基礎課是否修過,外籍生基礎課程認定表(AI) (4).doc
檢查大學基礎課是否修過,外籍生基礎課認定表(醫資所)_英文.doc
檢查大學基礎課是否修過,外籍生基礎課認定表(醫資所).doc
檢查大學基礎課是否修過,外籍生基礎課程認定表(資訊)_英文.doc
檢查大學基礎課是否修過,外籍生基礎課程認定表(資訊) (3).doc
亞德客有美助學金第2階段(及亞德客社會實踐公益服務活動)獎學金申請訊息,亞德客社會實踐公益服務活動_(1100809).odt
亞德客有美助學金第2階段(及亞德客社會實踐公益服務活動)獎學金申請訊息,亞德客獎助學金辦法(110.09.25)遞補.odt
亞德客有美助學金第2階段(及亞德客社會實踐公益服務活動)獎學金申請訊息,通知訪談流程說明(III)1100914.odt
亞德客有美助學金第2階段(及亞德客社會實踐公益服務活動)獎學金申請訊息,獎學金訪談報名公告1100914.odt
亞德客有美助學金第2階段(及亞德客社會實踐公益服務活動)獎學金申請訊息,110公益服務活動補助空白申請表_new.odt
亞德客有美助學金第2階段(及亞德客社會實踐公益服務活動)獎學金申請訊息,訪談紀錄表(成電獎學金).odt
亞德客有美助學金第2階段(及亞德客社會實踐公益服務活動)獎學金申請訊息,亞德客社會實踐公益服務活動_(1100809).pdf
亞德客有美助學金第2階段(及亞德客社會實踐公益服務活動)獎學金申請訊息,亞德客獎助學金辦法(110.09.25)遞補.pdf
亞德客有美助學金第2階段(及亞德客社會實踐公益服務活動)獎學金申請訊息,獎學金訪談報名公告1100914.pdf
亞德客有美助學金第2階段(及亞德客社會實踐公益服務活動)獎學金申請訊息,通知訪談流程說明(III)1100914.pdf
(更新2)110學年度資訊所老師可收學生名額,110資訊所老師可收學生名單.pdf
國立成功大學永豐商業銀行傑出人才獎助學金,國立成功大學永豐商業銀行傑出人才「獎學金」設置要點(109年12月21日校長核定版)1100913.pdf
國立成功大學永豐商業銀行傑出人才獎助學金,國立成功大學永豐商業銀行「勵學助學金」設置要點(109年12月21日校長核定版)1100913.pdf
國立成功大學永豐商業銀行傑出人才獎助學金,1100913(英文版)國立成功大學永豐商業銀行「勵學助學金」設置要點.pdf
國立成功大學永豐商業銀行傑出人才獎助學金,1100913(英文版)國立成功大學永豐商業銀行「傑出人才獎學金」設置要點.pdf
國立成功大學永豐商業銀行傑出人才獎助學金,國立成功大學永豐商業銀行傑出人才「獎學金」設置要點(109年12月21日校長核定版)1100913.odt
國立成功大學永豐商業銀行傑出人才獎助學金,國立成功大學永豐商業銀行「勵學助學金」設置要點(109年12月21日校長核定版)1100913.odt
國立成功大學永豐商業銀行傑出人才獎助學金,1100913(英文版)國立成功大學永豐商業銀行「勵學助學金」設置要點.odt
國立成功大學永豐商業銀行傑出人才獎助學金,1100913(英文版)國立成功大學永豐商業銀行「傑出人才獎學金」設置要點.odt
財團法人上海商業儲蓄銀行文教基金會獎學金,財團法人上海商業儲蓄銀行文教基金會獎學金.odt
seminar與資工醫資導論上課規定,seminar上課規定 (1).odt
seminar與資工醫資導論上課規定,seminar上課規定 (1).doc
【競賽資訊分享】2021創新創業競賽   ,海報(英) (1).pdf
【競賽資訊分享】2021創新創業競賽   ,海報(中) (1).pdf
【競賽資訊分享】2021創新創業競賽   ,宣傳內容 (2).odt
【競賽資訊分享】2021創新創業競賽   ,宣傳內容 (2).docx
財團法人福琳工商發展基金會工商學生清寒獎學金,福琳基金會工商清寒獎學金申請表 (2).doc
財團法人福琳工商發展基金會工商學生清寒獎學金,福琳基金會工商清寒獎學金公告函－大學A (2).doc
財團法人福琳工商發展基金會工商學生清寒獎學金,福琳基金會工商清寒獎學金辦法 (2).doc
財團法人福琳工商發展基金會工商學生清寒獎學金,福琳基金會工商清寒獎學金辦法 (2).odt
財團法人福琳工商發展基金會工商學生清寒獎學金,福琳基金會工商清寒獎學金公告函－大學A (2).odt
財團法人福琳工商發展基金會工商學生清寒獎學金,福琳基金會工商清寒獎學金申請表 (2).odt
【校外獎學金】國家中山科學研究院110年延攬大學院校優秀學生獎助金甄選,110年獎助生海報.pdf
【校外獎學金】國家中山科學研究院110年延攬大學院校優秀學生獎助金甄選,110年延攬大學院校優秀學生獎助金甄選簡章.odt
【校外獎學金】國家中山科學研究院110年延攬大學院校優秀學生獎助金甄選,110年延攬大學院校優秀學生獎助金甄選簡章.doc
UR大學部研究（Undergraduate Research）,宣傳海報NEW.odt
[和碩聯合科技] 2021 IT人才強力招募,[和碩聯合科技]2021 IT人才強力招募.odt
[和碩聯合科技] 2021 IT人才強力招募,[和碩聯合科技]2021 IT人才強力招募.pdf
日月光菁英培育 獎學金申請訊息,日月光半導體2021年獎學金申請辦法_就讀南部_20210617_(Security C).pdf
日月光菁英培育 獎學金申請訊息,日月光菁英培育獎學金宣傳海報(南部地區)_20210617_(Security C).odt
日月光菁英培育 獎學金申請訊息,日月光半導體2021年獎學金申請辦法_就讀南部_20210617_(Security C).odt
國家中山科學研究院【110年延攬大學院校優秀學生獎助金甄選】簡章,110年延攬大學院校優秀學生獎助金甄選簡章.doc
國家中山科學研究院【110年延攬大學院校優秀學生獎助金甄選】簡章,110年延攬大學院校優秀學生獎助金甄選簡章.odt
國家中山科學研究院【110年延攬大學院校優秀學生獎助金甄選】簡章,110年獎助生海報.odt
【2021 iThome 鐵人賽】9/15 前報名 Arm Platforms 展現創意，即有機會獲得Surface Pro X 與 Kindle 等多項大獎 ！,【2021 iThome 鐵人賽】0915 前報名 Arm Platforms 展現創意，即有機會獲得Surface Pro X 與 Kindle 等多項大獎 ！.pdf
【2021 iThome 鐵人賽】9/15 前報名 Arm Platforms 展現創意，即有機會獲得Surface Pro X 與 Kindle 等多項大獎 ！,【2021 iThome 鐵人賽】0915 前報名 Arm Platforms 展現創意，即有機會獲得Surface Pro X 與 Kindle 等多項大獎 ！.odt
110全大運復辦防疫工讀生徵才資訊,【徵才】110全大運復辦誠徵防疫工讀生.pdf
110全大運復辦防疫工讀生徵才資訊,【徵才】110全大運復辦誠徵防疫工讀生.odt
The online submission (call for papers) is open now: 2022 VLSI-DAT symposium,2022 VLSI-DAT_Call for Papers_0818.pdf
The online submission (call for papers) is open now: 2022 VLSI-DAT symposium,2022 VLSI-DAT_Call for Papers_0818.odt
(9/7)110學年度三所老師可收學生名單,110老師可收學生名單.pdf
【聯發科技徵才活動】,成大.odt
國家中山科學研究院【110年延攬大學院校優秀學生獎助金甄選】簡章,110年延攬大學院校優秀學生獎助金甄選簡章.odt
國家中山科學研究院【110年延攬大學院校優秀學生獎助金甄選】簡章,110年延攬大學院校優秀學生獎助金甄選簡章.doc
國家中山科學研究院【110年延攬大學院校優秀學生獎助金甄選】簡章,110年獎助生海報 (1).odt
(新生請注意)抵免注意事項,國立成功大學 醫學資訊研究所碩士班學分承認及抵免辦法1080702.odt
(新生請注意)抵免注意事項,資訊所碩士班學分承認及抵免辦法1070626 (2).odt
(新生請注意)抵免注意事項,國立成功大學 醫學資訊研究所碩士班學分承認及抵免辦法1080702.docx
(新生請注意)抵免注意事項,資訊所碩士班學分承認及抵免辦法1070626 (2).doc
(新生請注意)抵免注意事項,資訊系學分抵免注意事項1100804.odt
(新生請注意)抵免注意事項,醫資所學分抵免注意事項1100804.odt
(新生請注意)抵免注意事項,資訊系學分抵免注意事項1100804.doc
(新生請注意)抵免注意事項,醫資所學分抵免注意事項1100804.doc
【競賽資訊分享】2021創新創業競賽,宣傳內容 (3).docx
【競賽資訊分享】2021創新創業競賽,海報(英) (2).pdf
【競賽資訊分享】2021創新創業競賽,海報(中) (2).pdf
【競賽資訊分享】2021創新創業競賽,宣傳內容 (3).odt
國立成功大學資訊工程學系教師評審委員會設置辦法,國立成功大學資訊工程學系教師評審委員會設置辦法.odt
國立成功大學資訊工程學系教師評審委員會設置辦法,國立成功大學資訊工程學系教師評審委員會設置辦法.pdf
【INVITATION】Shopee Taiwan - 2021 Global Leaders Program Timeline,海報 (4).odt
[台灣民主實驗室] 徵才資訊,[JD] Machine Learning Engineer.odt
資安卓越中心規劃建置計畫徵人公告,_徵人公告_關鍵核心研究人員.docx
資安卓越中心規劃建置計畫徵人公告,_徵才公告_110年資安卓越中心規劃建置計畫(研究.工程)v1.doc
資安卓越中心規劃建置計畫徵人公告,_徵才公告_110年資安卓越中心規劃建置計畫(研究.工程)v1.odt
資安卓越中心規劃建置計畫徵人公告,_徵人公告_關鍵核心研究人員.odt
敬邀大學部與研究所新生家長參加資訊工程學系/醫學資訊研究所/人工智慧科技碩士學位學程110學年度新生家長座談會,邀請信-大學部_110.08.31.doc
敬邀大學部與研究所新生家長參加資訊工程學系/醫學資訊研究所/人工智慧科技碩士學位學程110學年度新生家長座談會,新生家長座談會邀請信-所_110.08.31.doc
敬邀大學部與研究所新生家長參加資訊工程學系/醫學資訊研究所/人工智慧科技碩士學位學程110學年度新生家長座談會,邀請信-大學部_110.08.31.odt
敬邀大學部與研究所新生家長參加資訊工程學系/醫學資訊研究所/人工智慧科技碩士學位學程110學年度新生家長座談會,新生家長座談會邀請信-所_110.08.31.odt
財團法人福琳工商發展基金會工商學生清寒獎學金,福琳基金會工商清寒獎學金申請表 (3).doc
財團法人福琳工商發展基金會工商學生清寒獎學金,福琳基金會工商清寒獎學金辦法 (3).doc
財團法人福琳工商發展基金會工商學生清寒獎學金,福琳基金會工商清寒獎學金公告函－大學A (3).doc
財團法人福琳工商發展基金會工商學生清寒獎學金,福琳基金會工商清寒獎學金申請表 (3).odt
財團法人福琳工商發展基金會工商學生清寒獎學金,福琳基金會工商清寒獎學金辦法 (3).odt
財團法人福琳工商發展基金會工商學生清寒獎學金,福琳基金會工商清寒獎學金公告函－大學A (3).odt
財團法人鴻海教育基金會「鴻海科技獎」獎學金自行依辦法寄至基金會電子信箱申請從8月20日至9月30日止。,公文、辦法及申請書等財團法人鴻海教育基金會「鴻海科技獎」獎助學金.pdf
【行政院資通安全會報技服中心】110年資安系列競賽活動推廣,110年資安海報徵選要點.odt
【行政院資通安全會報技服中心】110年資安系列競賽活動推廣,110年資安影片徵選要點.odt
【行政院資通安全會報技服中心】110年資安系列競賽活動推廣,110年資安技能金盾獎競賽要點.odt
【行政院資通安全會報技服中心】110年資安系列競賽活動推廣,004-110年資安系列競賽來文.odt
【行政院資通安全會報技服中心】110年資安系列競賽活動推廣,110年資安系列競賽海報.odt
【行政院資通安全會報技服中心】110年資安系列競賽活動推廣,110年資安影片徵選要點.pdf
【行政院資通安全會報技服中心】110年資安系列競賽活動推廣,110年資安技能金盾獎競賽要點.pdf
【行政院資通安全會報技服中心】110年資安系列競賽活動推廣,004-110年資安系列競賽來文.pdf
【行政院資通安全會報技服中心】110年資安系列競賽活動推廣,110年資安海報徵選要點.pdf
"110學年度線上繳交資訊專題指導教授同意書,即日起至開學2週內完成, 謝謝",指導專題生同意書-updated109.12.23.doc
美律2021科技人才培育金(獎學金)申請開跑囉！t,海報 (5).odt
【企業徵才】ATEN研發類工程師/儲備人才召募,ATEN研發類工程師&儲備人才召募_eDM.odt
【企業徵才】ATEN研發類工程師/儲備人才召募,ATEN研發類工程師&儲備人才召募_文字檔.odt
【企業徵才】ATEN研發類工程師/儲備人才召募,ATEN研發類工程師&儲備人才召募_文字檔.docx
博士資格考開始申請至9/9(四)止   ,資格考申請表 (1).odt
博士資格考開始申請至9/9(四)止   ,資格考申請表 (1).doc
110年社區營養短片圖文徵選活動簡章,110年社區營養短片圖文徵選活動簡章.PDF
申請入學方向資料準備指引,111學習指引-資工系.docx
申請入學方向資料準備指引,111學習指引-資工系.odt
醫資所新生請注意,核心課程輔導表.odt
醫資所新生請注意,生物醫學相關基礎課程認定表.odt
醫資所新生請注意,未修生物醫學相關補修單.odt
醫資所新生請注意,核心課程輔導表.doc
醫資所新生請注意,生物醫學相關基礎課程認定表.doc
醫資所新生請注意,未修生物醫學相關補修單.doc
Communication Data and Network Analytics Symposium 2021（Online Meeting）,海報 (6).odt
【INVITATION】Shopee Taiwan - KICK START YOUR CAREER Online Webinar,海報1.odt
【INVITATION】Shopee Taiwan - KICK START YOUR CAREER Online Webinar,海報2.odt
徵行政助教,徵行政助教 (1).doc
徵行政助教,徵行政助教.odt
"[院級交換生申請]香港理工大學（The Hong Kong Polytechnic University）2022 Spring交換學生申請,即日起至9/15前, 將申請資料繳交至院辦",國立成功大學電機資訊學院院級薦外交換學生申請表-110.docx
SMART3.0 學生線上新創競賽,海報 (7).odt
[招募訊息] 台灣國際造船股份有限公司系統工程師,系統工程師海報.odt
臺南市衛生局函-辦理110年肝炎防治創意海報徵選活動,臺南市衛生局函-辦理110年肝炎防治創意海報徵選活動.pdf
臺南市衛生局函-辦理110年肝炎防治創意海報徵選活動,臺南市衛生局函-辦理110年肝炎防治創意海報徵選活動.odp
【科技競賽】光寶盃極客松熱烈徵件中！總獎金超過260萬！,光寶盃極客松_命題說明.odt
【科技競賽】光寶盃極客松熱烈徵件中！總獎金超過260萬！,總獎金超過260萬  第1屆光寶盃極客松 2021正式開跑.odt
【2021 成功大學 x 香港理工大學 精實創業培訓計畫 】 報名截至08/13(五),海報 (8).odt
 <群創光電> 2021年度校園大使 活動資訊,EDM.odt
【重要通知】「110學年度國立成功大學培育優秀博士生獎學金」即日起受理申請至8/23截止收件,110 學年度國立成功大學培育優秀博士生獎學金申請.pdf
【重要通知】「110學年度國立成功大學培育優秀博士生獎學金」即日起受理申請至8/23截止收件,國立成功大學培育優秀博士生獎學金申請書.doc
【重要通知】「110學年度國立成功大學培育優秀博士生獎學金」即日起受理申請至8/23截止收件,國立成功大學培育優秀博士生獎學金試辦要點.pdf
【重要通知】「110學年度國立成功大學培育優秀博士生獎學金」即日起受理申請至8/23截止收件,國立成功大學培育優秀博士生獎學金試辦要點.odt
【重要通知】「110學年度國立成功大學培育優秀博士生獎學金」即日起受理申請至8/23截止收件,110 學年度國立成功大學培育優秀博士生獎學金申請.odt
【重要通知】「110學年度國立成功大學培育優秀博士生獎學金」即日起受理申請至8/23截止收件,國立成功大學培育優秀博士生獎學金申請書.odt
[智域國際]DevDays Asia 2021 亞太技術年會_教育創新與產業新知(8/11-8/13線上舉辦，報名抽好禮),海報01.odt
[智域國際]DevDays Asia 2021 亞太技術年會_教育創新與產業新知(8/11-8/13線上舉辦，報名抽好禮),海報02.odt
【玉山志工基金會】培育傑出人才獎學金，申請期間8/1-8/31,2021培育人才獎學金.odt
全國大專院校產學創新實作競賽,全國大專院校產學創新實作競賽.odt
全國大專院校產學創新實作競賽,全國大專院校產學創新實作競賽.pdf
"申請110學年度資訊系雙主修或輔系者, 請依公告規定於7月20日下午16:00前寄送資料至 em62500nckucsie@gmail.com, 謝謝",資訊系雙主修及輔系申請修課問答集.docx
"申請110學年度資訊系雙主修或輔系者, 請依公告規定於7月20日下午16:00前寄送資料至 em62500nckucsie@gmail.com, 謝謝",資訊系雙主修及輔系申請修課問答集.odt
2021台灣艾司摩爾「ASML菁英獎學金」開放申請熱烈報名中!,獎學金申請須知 Campus Promotion.odt
2021台灣艾司摩爾「ASML菁英獎學金」開放申請熱烈報名中!,EDM-ASML scholarship program.odt
2021台灣艾司摩爾「ASML菁英獎學金」開放申請熱烈報名中!,ASML菁英獎學金宣傳海報.odt
2021台灣艾司摩爾「ASML菁英獎學金」開放申請熱烈報名中!,獎學金申請須知 Campus Promotion.pdf
2021台灣艾司摩爾「ASML菁英獎學金」開放申請熱烈報名中!,EDM-ASML scholarship program.docx
2021台灣艾司摩爾「ASML菁英獎學金」開放申請熱烈報名中!,ASML菁英獎學金宣傳海報.pdf
旺宏電子招募【前瞻研發技術人才(提供外派機會)】職缺訊息,IBM project人才招聘海報_3a.odt
旺宏電子招募【前瞻研發技術人才(提供外派機會)】職缺訊息,IBM project人才招聘海報_3a.pdf
再次公告-110級 資訊系大學部同學離校手續流程,資訊系大學部同學離校手續流程-110.06.23.docx
「雲平大樓防疫塗料」施工公告,雲平大樓防疫塗料施工公告.pdf
「雲平大樓防疫塗料」施工公告,雲平大樓防疫塗料施工公告.odt
益芯科技股份有限公司-招募研發人才【投填履歷問卷獲面試，即贈星巴克飲料券二張】,徵才刊登內容.odt
益芯科技股份有限公司-招募研發人才【投填履歷問卷獲面試，即贈星巴克飲料券二張】,益芯科技徵才廣告(校園).odt
益芯科技股份有限公司-招募研發人才【投填履歷問卷獲面試，即贈星巴克飲料券二張】,益芯科技徵才廣告(校園).pdf
益芯科技股份有限公司-招募研發人才【投填履歷問卷獲面試，即贈星巴克飲料券二張】,徵才刊登內容.docx
徵行政助教,徵行政助教 (1).odt
徵行政助教,徵行政助教 (2).doc
中央研究院社會學研究所 社會模擬工作坊,社會模擬工作坊.docx
中央研究院社會學研究所 社會模擬工作坊,社會模擬工作坊海報.pdf
中央研究院社會學研究所 社會模擬工作坊,社會模擬工作坊.odt
中央研究院社會學研究所 社會模擬工作坊,社會模擬工作坊海報.odt
【緯創資通徵才訊息】暑期實習暨獎助學金計畫,緯創之星招募海報.pdf
【緯創資通徵才訊息】暑期實習暨獎助學金計畫,緯創之星招募海報.odt
資訊所更換指導教授原則及申請書 (20210701更新),國立成功大學資訊工程所研究生選擇及更換指導教授申請書1080528.doc
資訊所更換指導教授原則及申請書 (20210701更新),國立成功大學資訊工程所研究生選擇及更換指導教授原則1080528.docx
資訊所更換指導教授原則及申請書 (20210701更新),國立成功大學資訊工程所研究生選擇及更換指導教授申請書1080528.odt
資訊所更換指導教授原則及申請書 (20210701更新),國立成功大學資訊工程所研究生選擇及更換指導教授原則1080528.odt
緯穎科技職缺刊登,緯穎科技DM.pdf
大學部同意離校申請書,同意離校申請單.doc
研發處校務資料組誠徵工讀生（兼任助理或臨時工，限本校學生）,研發處校務資料組誠徵工讀生1100616D23.docx
研發處校務資料組誠徵工讀生（兼任助理或臨時工，限本校學生）,校資組兼任助理及工讀生履歷_空白.doc
本校辦理協助大專校院學校因應嚴重特殊傳染性肺炎影響衝擊補助，敬請協助，謝謝,國立成功大學學生家庭經濟狀況或遭逢變故訪談紀錄表.docx.odt
【2021車用電子創意發明競賽】,2021 車用電子創新發明競賽 海報.pdf
【2021車用電子創意發明競賽】,2021 車用電子創意發明競賽 競賽須知.pdf
第十一屆達興材料研究生獎學金資訊,2021 獎學金 EDM (1).pdf
第十一屆達興材料研究生獎學金資訊,2021獎學金QA (1).pdf
第十一屆達興材料研究生獎學金資訊,第十一屆達興材料研究生獎學金申請辦法與表單.pdf
第十一屆達興材料研究生獎學金資訊,第十一屆達興材料研究生獎學金申請表單.doc.odt
「GE卓越創新獎」敬邀 貴系所師生踴躍參與,智慧創新暨跨域整合創作競賽須知_公告版.pdf
【Kronos Research】線上徵才說明會－成大場,Kronos 成大說明會信件文案.pdf
雲平大樓東西棟人員防疫管制公告,雲平大樓東西棟人員防疫管制公告0607.pdf
義守大學 物治系 徵程式專長研究助理,誠徵應用程式專長研究助理.pdf
「2021 gSIC國內選拔賽」,gSIC 2021海報.pdf
「2021 gSIC國內選拔賽」,gSIC 2021國內賽報名簡章.pdf
【成功大學】人工智慧與資訊系統碩士在職專班學分班(隨班附讀)招生中,110隨班附讀poster.pdf
"111級專題展得獎公告, 及電機資訊學院研究日 大學部入選組別名單",111級專題展得獎公告.docx
敬邀報名參加 2021全國大專校院智慧創新暨跨域整合創作競賽,智慧創新暨跨域整合創作競賽須知_公告版.pdf
停電公告：因配合系統及船舶機電工程學系進行高壓相序校正作業，停電施工時間為110.06.06（日）PM4:00至110.06.06（日）PM8:00，造成不便敬請見諒,停電公告.pdf
109學年度下學期 資訊系 預研生錄取名單,109學年度下學期 資訊系 預研生錄取名單.pdf
[111級專題展]  ~~專題展組別領域序號更新公告,111級專題展題目組別_05.25.xlsx
資訊工程學系課程委員會組織章程,資訊工程學系課程委員會組織章程-修改版110.05.11.doc
10902教學問卷調查,10902教學問卷調查.pdf
109學年下 Seminar－學生上課點名統計表,Seminar－學生上課點名統計表_1092_0528.pdf
空間場地管理辦法,空間場地管理辦法-1080222-增修通過.odt
慧榮科技獎助學金辦法與申請表,2021慧榮科技獎助學金申請表.odt
慧榮科技獎助學金辦法與申請表,2021慧榮科技獎助學金海報.pdf
慧榮科技獎助學金辦法與申請表,2021慧榮科技獎助學金辦法.pdf
"[111級專題展] 更新專題展組別號, 提醒各位6/1(一)前上網登錄相關檔案有效連結",111級專題展題目組別_05.25 (1).xlsx
[111級專題展] ~~專題展組別領域序號公告:請欲參展的同學們注意並確認,111級專題展題目組別_05.24.xlsx
"[111級專題展]組別序號公告,如有變更或任何問題, 請於5/25下班前來電或EMAIL告知系辦趙小姐, 分機:62500轉11",111級專題展題目組別_05.24 (1).xlsx
110學年度秋季班產業碩士專班正取生報到注意事項和應繳文件,指導教授同意書2021517.odt
110學年度秋季班產業碩士專班正取生報到注意事項和應繳文件,110學年度國立成功大學資訊系產碩專班可收新生名單.pdf
110學年度秋季班產業碩士專班正取生報到注意事項和應繳文件,110學年度碩士班招生錄取生放棄錄取聲明書.pdf
110學年度秋季班產業碩士專班正取生報到注意事項和應繳文件,切 結 書 (2).odt
110學年度秋季班產業碩士專班正取生報到注意事項和應繳文件,一樓平面圖 (1).pdf
110學年度秋季班產業碩士專班正取生報到注意事項和應繳文件,兵役狀況調查表.pdf
2021wiwynn internship program緯穎科技服務暑期實習生計畫_實習內容資訊,暑期實習生計畫2021(文案).pdf
"[111級專題展] 因應疫情, 111級專題展改為線上辦理, 相關規定詳如附件, 請仔細閱讀並配合, 謝謝",111級大學部畢業專題線上展示規定事項_110.05.13更新.doc
有關明天(5/14)的seminar與下週的seminar,eDM_成功大學演講.pdf
[111級專題展]尚未線上登錄題目及發表領域和（或)未繳交紙本的資訊專題發表同意書， 請速速於５／１１（二)前完成，  有任何困難（或打算退選）請於５／１１（二)前以ＥＭＡＩＬ 或直接來系辦公室告知趙小姐，謝謝,111級專題題目及同意書繳交情形-05.07.xlsx
"為配合全大運,5/10~5/18課程教室異動公告",全大運期間教室異動公告.docx
停電公告:學生活動中心及成功廳全棟,停電公告-活動中心周遭路燈緊急電源測試.pdf
停電公告:雲平大樓東棟全棟,停電公告-雲平東棟路燈緊急電源測試.pdf
施工公告:勝利校區勝後新規劃停車場新增設路燈，詳如信件內容說明,勝利後停車場路燈增設公告.pdf
國立政治大學羅家倫國際漢學講座研究獎助學金」即日起至110 年6月15日止開放申請,國立政治大學羅家倫國際漢學講座研究獎助學金.pdf
110全大運期間，校園部分道路及停車格位淨空公告,自強校區網球場、橄欖球場周邊道路淨空公告.pdf
110全大運期間，校園部分道路及停車格位淨空公告,光復校區榕園周邊道路淨空公告.pdf
110全大運期間，校園部分道路及停車格位淨空公告,勝利校區泳池外道路兩側淨空公告.pdf
110全大運期間，校園部分道路及停車格位淨空公告,光復田徑場旁汽車停車格淨空公告.pdf
110全大運期間，校園部分道路及停車格位淨空公告,光一舍周邊及汽車停車格淨空公告.pdf
檢送衛生福利部修正後民眾版心肺復甦術參考指引摘要表,1109909133教育部函-衛福部民眾版心肺復甦術參考指引摘要表修正.pdf
5/14(五)緯創資通企業說明會，開始報名了!,514緯創企業徵才說明會檔案.pdf
學校來函提醒各位師生防疫期間，請於上課期間佩戴口罩以及落實防疫點名,1109908914教育部函-國際間新冠肺炎疫情嚴峻，請加強校園防疫工作.pdf
華南銀行資訊科技菁英人才招募訊息,110年度資訊科技菁英人才 (1).pdf
110學年度博士入學口試更新公告,地圖.pdf
"109學年下學期預研生申請, 5/1起至5/15",申請表_資訊系大學部一貫修讀學、碩士學位980622.doc
"109學年下學期預研生申請, 5/1起至5/15",資訊系大學部一貫修讀學、碩士學位辦法103.05.27doc.doc
全國農業金庫獎學金申請方案,全國農業金庫110學年度獎學金申請辦法V5(核定) (1).pdf
[產碩分發]110學年度金融科技與資訊工程產業碩士專班登記分發注意事項,棄權書 (3).pdf
【2021永豐銀行SAP暑期實習招募計畫】Bank SinoPac Apprentice Program_Summer Intern,2021永豐銀行SAP暑期實習計畫_僑外組.pdf
【2021永豐銀行SAP暑期實習招募計畫】Bank SinoPac Apprentice Program_Summer Intern,2021永豐銀行SAP暑期實習計畫.pdf
【SONIC SKY】5/5(三)成大專場校園徵才說明會！,SONIC SKY_2021校招文案(成大版).pdf
110學年度博士入學考試審查結果,110博士面試通知.pdf
110學年度博士入學考試審查結果,110直接錄取與面試名單.pdf
"[111級專題展]~~更新~~ 辦理日期改為110/6/4(五), 相關時程表,注意事項 及申請表詳如附件",1100611 學院研究日公告.docx
"[111級專題展]~~更新~~ 辦理日期改為110/6/4(五), 相關時程表,注意事項 及申請表詳如附件",111級大學部畢業專題展示會規定事項_110.04.22更新.doc
[產碩面試]110學年度金融科技與資訊工程產業碩士專班面試注意事項及時間,一樓平面圖 (2).pdf
[產碩面試]110學年度金融科技與資訊工程產業碩士專班面試注意事項及時間,面試公告 (1).pdf
[產碩面試]110學年度金融科技與資訊工程產業碩士專班面試注意事項及時間,110學年度成功大學產碩專班 面試時段表.pdf
臻鼎集團 - 獎學金辦法 (將於 4/25 截止收件),附件2_申請表_臻鼎2021獎助學金申請單_0425截止(郵戳為憑).odt
臻鼎集團 - 獎學金辦法 (將於 4/25 截止收件),附件1_簡章_臻鼎2021獎助學金申請辦法_碩博生9萬(每學期).pdf
臻鼎集團 - 獎學金辦法 (將於 4/25 截止收件),臻鼎控股2021年度獎助學金申請辦法.pdf
[產碩面試]110學年度金融科技與資訊工程產業碩士專班面試名單,110學年度產碩專班面試名單公告.pdf
因應進行系統及船舶機電工程學系高壓線路遷移作業，自強校區部分區域預定110年4月17、18日二日停電，造成不便敬請見諒。,1100417停電公告.pdf
資安管理注意事項,各單位使用物聯網設備之資安管理注意事項.pdf
110學年度 本系大學個人申請(含國防學士班)團體面試筆試座位表公告,110面試座位表-A組.pdf
110學年度 本系大學個人申請(含國防學士班)團體面試筆試座位表公告,110面試座位表-B組.pdf
110學年度 本系大學個人申請(含國防學士班)團體面試筆試座位表公告,甄試編號與准考證號對應表.pdf
 本校RPage網站管理平台已安裝安全憑證，請改用HTTPS連線相關網站,2021.3.30 RPage更新為HTTPS.pdf
加強遠端存取控制機制,2021.3.22 附表十資通系統防護基準.pdf
加強遠端存取控制機制,2021.3.22 加強遠端存取控制機制.pdf
計中加強校園網路防火牆管控,2021.3.22 加強校園網路防火牆管控.pdf
"【Join IT, enjoy your TSMC！2021 台積電 IT 暑期/學期實習計畫】",Social media post.zip
【台灣國際造船股份有限公司】110年度上半年獎學金甄選,2.台灣國際造船-船管字1106650428函.pdf
【台灣國際造船股份有限公司】110年度上半年獎學金甄選,1.台灣國際造船股份有限公司獎學金設置要點(110年上半年).pdf
全國農業金庫獎學金申請方案，鼓勵學生踴躍提出申請，本年度跨大申請系所農林漁牧、自然資源、生物科技、商學及資訊相關系所,全國農業金庫110學年度獎學金申請辦法V5(核定).pdf
資訊系110國防學士班二階甄試名單,110公告面試時間-國防學士班.docx
110學年度 本系大學普渡雙聯組個人申請面試詳細時程公告,公告普渡組面談時間_final (1).docx
110學年度 本系大學APCS組個人申請面試詳細時程公告,公告APCS面談時間.docx
110學年度 本系大學個人申請團體面試及考試詳細時程公告,01_110公告團體面談時間.docx
110學年度 本系大學個人申請團體面試及考試詳細時程公告,甄試編號與准考證號對應表.docx
2021/4/27(二)成大專屬場次─成為新世代具備雙專長能力博士級研發領袖：旺宏電子校園招募說明會,2022年首屆招生校園說明會—成為旺宏未來研發領袖就從這裡開始.pdf
110年大專生洄游農村競賽,110年(第十一屆)大專生洄游農村競賽辦法(定稿).pdf
110年大專生洄游農村競賽,第十一屆競賽懶人包EDM_compressed.pdf
 [產碩筆試]金融科技與資訊工程產業碩士專班110筆試注意事項,110學年產碩入學考試參考書目.odt
110學年度三所老師可收學生名單,110老師可收學生名單 (1).pdf
 4月3日 星期六 系館周邊將進行防治登革熱病媒蚊及蚤類消毒,檢送本校109學年度下學期第二次各校區環境消毒行程表.pdf
註冊組因辦公室內部整修，自110年4月6日起將暫遷至光復校區雲平大樓東棟7樓南側,1100330註冊組遷移公告.pdf
109學年度第二學期博士資格考公告,110.05資格考公告.odt
日月光菁英培育獎學金,日月光半導體2020年獎學金申請辦法_就讀南部_20210308_(Security C).pdf
「2021年臺灣國家公園青年論壇暨研究生論文競賽」申請公告週知,scan@email.ncku.edu.tw_20210323_101532.pdf
研究所指導教授同意書(20210317 更新),研究生指導教授同意書(AI學程).odt
研究所指導教授同意書(20210317 更新),研究生指導教授同意書(醫資所) (2).odt
研究所指導教授同意書(20210317 更新),研究生指導教授同意書(資訊所) (2).odt
110學年度三所指導教授同意書,研究生指導教授同意書(資訊所) (3).odt
110學年度三所指導教授同意書,研究生指導教授同意書(醫資所) (3).odt
110學年度三所指導教授同意書,研究生指導教授同意書(AI學程) (1).odt
羅東博愛醫院110年第一次獎助學金開始受理申請,獎助學金實施辦法-110年.pdf
羅東博愛醫院110年第一次獎助學金開始受理申請,第一次獎助學金申請表.pdf
2021-永豐Turing Plan 儲備AI科學家暨永豐成大產碩專班說明交流會,附件二：2021永豐Turing Plan應徵專用申請表.odt
2021-永豐Turing Plan 儲備AI科學家暨永豐成大產碩專班說明交流會,附件一：2021Turing Plan _永豐儲備AI科學家招募專案_成大版.pdf
亞馬遜 校園徵才說明會 線上直播,Amazon & Ring 線上校園徵才說明會.pdf
行政院農委會林務局及各所屬機關110年暑期實習生招募訊息,________ ________ 關110年度暑期實習計畫.pdf
行政院農委會林務局及各所屬機關110年暑期實習生招募訊息,__________ 習學生履歷表.odt
行政院農委會林務局及各所屬機關110年暑期實習生招募訊息,各校系實習學生申請彙整表.odt
行政院農委會林務局及各所屬機關110年暑期實習生招募訊息,行政院農業委員會林務局110年度暑期實習學生招募作業要點.pdf
行政院農委會林務局及各所屬機關110年暑期實習生招募訊息,函.pdf
【敬邀參賽】2021年新思科技ARC盃AIoT設計應用競賽,2021 新思科技ARC盃AIoT設計應用競賽說明_(公告版)_03082021.pdf
「拖航水槽性能提升-先期高壓電纜遷移工程」進場施工公告,施工行人車輛通行動線.pptx.pdf
「拖航水槽性能提升-先期高壓電纜遷移工程」進場施工公告,施工公告_110.03.08_1(公告版).pdf
3/19 國際婦女節學生限定科技論壇活動,2021 Google 國際婦女節 學生限定科技論壇 報名邀請.pdf
2021財團法人資訊工業策進會協辦5G+產業新星揚帆啟航計畫暨說明會,5G+產業新星揚帆啟航計畫110年度申請須知.pdf
2021財團法人資訊工業策進會協辦5G+產業新星揚帆啟航計畫暨說明會,簡報-5G+產業新星揚帆啟航計畫.pdf
110學年度碩士備取生請注意(資訊所/醫資所/人工智慧碩士學位學程),切 結 書 (2).doc
110學年度碩士備取生請注意(資訊所/醫資所/人工智慧碩士學位學程),棄權書 (1).DOC
2021香港理工大學國際暑期線上課程,電機資訊學院院級薦外交換學生申請表暨注意事項(香港理工大學暑期線上課程).docx
2021香港理工大學國際暑期線上課程,電機資訊學院院級薦外交換學生申請表暨注意事項(香港理工大學暑期線上課程).odt
直升博士開始接受申請,直升博士公告 (1).odt
澄德科技教育基金會-2021機電暨智慧創意實作競賽,2021競賽簡章.pdf
【2021南區就業博覽會-企業徵才說明會】3/11-3/13於國際會議廳舉行48場公司說明會，報名至3/10止，歡迎在校生及校友踴躍報名參加。,21演講室海報-0-3(連結版)-已壓縮.pdf
2021年IC設計競賽開始報名囉！！！,20210302_IC.pdf
財團法人福琳工商發展基金會工商學生清寒獎學金,福琳基金會工商清寒獎學金公告函－大學A (4).odt
財團法人福琳工商發展基金會工商學生清寒獎學金,福琳基金會工商清寒獎學金申請表 (4).odt
財團法人福琳工商發展基金會工商學生清寒獎學金,福琳基金會工商清寒獎學金辦法 (4).odt
國立成功大學醫學資訊研究所誠徵所長候選人,候選人資料表.odt
國立成功大學醫學資訊研究所誠徵所長候選人,候選人同意函(他人推薦).odt
[重要宣導] 使用校園網路請遵守相關規範,2021.2.23 校園網路規範.pdf
台積電2021校園徵才系列活動正式開跑,2021校徵時程表_final.pdf
公告本校110學年度國內交換生申請作業,110國內交換生申請作業公告函0219.pdf
110年03月01日 (星期一) 全校電力設備保養 停電公告,110年3月1日停電_公文.pdf
110學年度秋季班【金融科技與資訊工程產業碩士專班】正式招生，歡迎踴躍報名,宣傳海報.pdf
"110學年度大學入學資訊系「個人申請審查資料準備重點指引」, 詳見附件",成大資訊系書審資料準備指引(含普渡組_APCS組)_20210223.docx
seminar上課公告與注意事項,seminar上課規定(下學期).odt
大學部109學年下學期選課公告,特殊因素加退選單.doc
徵普渡雙聯組導師助教,徵導師助教.odt
財團法人福琳工商發展基金會工商學生清寒獎學金,工商學生清寒獎學金申請表.odt
財團法人福琳工商發展基金會工商學生清寒獎學金,工商學生清寒獎學金辦法.odt
財團法人福琳工商發展基金會工商學生清寒獎學金,福琳基金會工商學生清寒獎學金公告函 .odt
[本校公告]事務組於110.01.30架設簡易樹木圍欄,位置.pdf
[本校公告]事務組於110.01.30架設簡易樹木圍欄,通知_110.01.30架設簡易樹木圍欄.pdf
109級大學部同學離校程序說明更新,離校程序單_109.07.16.doc
109級大學部同學離校程序說明更新,資訊系大學部同學離校手續流程-109.07.16.docx
[本校公告]因應COVID-19疫情嚴峻，敬請本校全體教職員工配合學校防疫政策,【本校嚴重特殊傳染性肺炎防疫小組函】因應COVID-19疫情嚴峻，以及出現本土案例，敬請本校全體教職員工配合學校防疫政策.pdf
[系辦公告]109學年度三所補修基礎課名單,109補修基礎學分公告.odt
[系辦公告]GPU Server申請使用說明,GPU Server申請書.pdf
[徵才公告]110年度第四屆台灣高鐵暑期實習甄選報名開始囉！即日起至2月19日(五)前截止報名。,(姓名)_THSRC人員資料表.ods
[活動公告]本(110)年度「海外服務工作團」第一梯次長期海外志工暨專案志工招募,1101700017_5_47.PDF
[競賽公告]施耐德電機 Go Green 學生競賽宣傳,Go Green 2021 Taiwan-01.pdf
校務系統與資料庫升級之停止服務時間公告,2021.1.11 校務系統與資料庫轉換Unicode作業.pdf
[徵才公告]輔仁大學資訊管理學系 誠徵 專案教師2名,(徵才)輔仁大學資訊管理學系 誠徵 專案教師2名.odt
[徵才公告]【鼎新電腦-招募資訊】2021儲備鼎尖數位人才養成計畫,2021儲備鼎尖數位人才養成計畫DM_.pdf
[徵才公告]移動裝置的前瞻技術與智造發展趨勢博士系列講座,0129成大海報A.pdf
[徵才公告]移動裝置的前瞻技術與智造發展趨勢博士系列講座,0129成大海報B.pdf
【敏求智慧運算學院AI新課程】人工智慧運算入門課，以及跨域法律、運動科技應用，歡迎選修,SOC 109下學期課程.pdf
[系辦公告]3/1全校停電公告,停電.pdf
行政院重申公務機關使用資通設備原則,WebFile2.pdf
碩士一般生入學考試參考書目,110學年度碩士一般生入學考試參考書目.odt
[工程公告]資訊工程學系新館-涼亭工程,工程示意圖.pdf
[本校公告]本校勝利校區「成功創新中心-旺宏館新建工程(建築+水電+空調)」，將於1月8 日08:00～17:00進行基礎混凝土澆置工程,unnamed.pdf
[本校公告]本校預計於1/2(星期六)進行勝利、成功校區部分區域公共水溝清淤，提醒用路小心。,image001 (7).pdf
109學年上 Seminar－學生上課點名統計表,Seminar－學生上課點名統計表_1091_20201201.pdf
109學年上 Seminar－學生上課點名統計表,Seminar－學生上課點名統計表_1091_20201207.pdf
109學年上 Seminar－學生上課點名統計表,Seminar－學生上課點名統計表_1091_20201217.pdf
109學年上 Seminar－學生上課點名統計表,Seminar－學生上課點名統計表_1091_20201228.pdf
[大學部]-指導專題生同意書,指導專題生同意書-updated109.12.23 (1).doc
[系辦公告]更新資訊工程學系-出入口管制,資訊工程系新舊館門禁管制.odt
大學部畢業審查表,資訊系畢業審查表-102入學-106.09.12.odt
大學部畢業審查表,資訊系畢業審查表-103_104入學.odt
大學部畢業審查表,資訊系畢業審查表-105入學.odt
大學部畢業審查表,資訊系畢業審查表-106入學.docx
大學部畢業審查表,資訊系畢業審查表-108入學.docx
大學部畢業審查表,資訊系畢業審查表-109入學.docx
大學部畢業審查表,資訊系_普渡組畢業審查表-109入學.docx
[活動公告]「AIS3 EOF CTF」資安競賽,公文列印 (2).pdf
[本校公告]109學年度上學期教學意見反應調查作業開始囉，請鼓勵同學踴躍上網填答唷！,教學反應調查海報.pdf
[徵才公告] 「110年度第四屆台灣高鐵公司暑期實習說明會」,活動流程.odt
[本校公告]成大出版社新書分享會,image001 (1) (1).pdf
[本校公告]本校將進行光復校區部分區域公共水溝清淤，造成不便敬請見諒。,unnamed (2).pdf
[徵才資訊]勤益科大電子系徵聘專案教師,公告版：國立勤益科技大學誠徵1_2名專案教師公告(網路多媒體暨遊戲機學程).odt
[徵才資訊]勤益科大電子系徵聘專案教師,公告版：國立勤益科技大學誠徵專案教師公告(智慧機器人學程).odt
[徵才公告] IBM Taiwan 校園徵才資訊,2021 IBM Campus Hire 職務說明.pdf
[本校公告]光復及成功校區褐根病及靈芝根腐病防治公告,附件2_總務處事務組__通知（抑制褐根病公告).pdf
[本校公告]本校勝利校區將進行基礎混凝土澆置工程,澆置公告.pdf
[本校公告]本校勝利校區將進行基礎混凝土澆置工程,澆置配置-筏基底板.pdf
[徵才公告] IBM 2021 Campus Hire,2021 IBM Campus Hire 職務說明 (1).pdf
[徵才公告]  AWS 2021校園招募,Amazon SP - Job leaflet CSA.pdf
[徵才公告]  AWS 2021校園招募,JD_CSA-General.docx
[徵才公告] 亞馬遜2021校園招募,Amazon & Ring 2021 校園招募.pdf
[徵才公告] 亞馬遜2021校園招募,SDE FTE Poster.pdf
[徵才公告] 亞馬遜2021校園招募,SDE Intern Poster.pdf
[轉知來函]110年度ACLS及ETTC相關急救訓練課程歡迎報名參加,1099926086台南護專函-110年度ACLS及ETTC課程.pdf
[施工公告]本校預計於12/5-12/6進行光復校區部分區域公共水溝清淤，造成不便敬請見諒。,unnamed (1).pdf
[本校公告] 【成功大學】人工智慧與資訊系統碩士在職專班學分班(隨班附讀),1092隨班附讀.pdf
[活動公告] Numbers主張數據 共同創辦人 Bofu 創業經驗分享,創業小聚海報20201207 (QR code) (1).pdf
[轉知來函]建置之電子煙及加熱式菸品危害主題專區,1099925272教育部轉國民健康署函-加強宣導電子煙及加熱式菸品危害專區資訊.pdf
"110學年度碩博推甄切結書,棄權書",切 結 書 (3).odt
"110學年度碩博推甄切結書,棄權書",棄權書 (1).odt
資訊工程研究所研究生修讀雙主修辦法,國立成功大學資訊工程研究所研究生修讀雙主修辦法1090929.odt
[活動訊息]Numbers主張數據 共同創辦人 Bofu 創業經驗分享,創業小聚海報20201207 (QR code).pdf
[系辦公告]英文版安心文宣,Let’sholdeachother’shandandtakecareofeachother-new.pdf
[本校公告]本校預計於11/28-11/29進行光復校區部分區域公共水溝清淤，造成不便敬請見諒。,公告.pdf
[徵才公告]  計算機與網路中心徵研究生工讀生,20201124PT4CriteriaNote.docx
[徵才公告]  計算機與網路中心徵研究生工讀生,20201124PT4CriteriaNote.odt
110學年度三所每位老師可收碩班新生名額,110老師可收各所碩班名額.pdf
[活動公告] 中華產業發展與品質管理協會於109年12月11日（星期五）於高雄辦理課程講座,WebFile.pdf
[系辦公告]【成功大學】一起手拉手，關懷你和我,中英文版安心文宣.pdf
110學年度資訊工程學系特殊選才招生考試-乙組通過書審可參加考試/面試名單及相關注意事項,乙組_報到入口位置圖.docx
110學年度資訊工程學系特殊選才招生考試-乙組通過書審可參加考試/面試名單及相關注意事項,乙組_110特殊選才招生考試名單及面試時間表-FOR公告.docx
110學年度資訊工程學系特殊選才招生考試-甲組  面試時間及名單相關資料詳如公告,系館位置圖.docx
110學年度資訊工程學系特殊選才招生考試-甲組  面試時間及名單相關資料詳如公告,甲組_110特殊選才招生面試時間表-FOR公告.docx
[徵才公告]旺宏電子招募110年研發替代役,110年研發替代役招募DM.pdf
[活動公告]第二十一屆旺宏金矽獎─半導體設計與應用大賽,第二十一屆旺宏金矽獎競賽辦法.odt
[活動公告]第二十一屆旺宏金矽獎─半導體設計與應用大賽,第二十一屆旺宏金矽獎競賽辦法.doc
[活動公告]第二十一屆旺宏金矽獎─半導體設計與應用大賽,20201008金矽獎21th海報.pdf
[活動公告]第二十一屆旺宏金矽獎─半導體設計與應用大賽,image001 (8).pdf
【台灣國際造船股份有限公司】109年度下半年獎學金,台灣國際造船_船管字第1096651386函.pdf
【台灣國際造船股份有限公司】109年度下半年獎學金,台灣國際造船股份有限公司獎學金設置要點(109年下半年).pdf
[獎助學金] 2020年度撰寫碩博士論文訪日經費資助簡章公告,公告 (1).pdf
[系辦公告]營繕組雲平大樓洗手間及長榮路施工,管線施工.pdf
[系辦公告]營繕組雲平大樓洗手間及長榮路施工,施工公告.pdf
[招生資訊]人工智慧機器人碩士學位學程開始招生,AI Robotics 碩士學位學程招生_國立成功大學敏求智慧運算學院.pdf
110 學年度【人工智慧與資訊系統碩士在職專班】歡迎踴躍報名,110招生(1).pdf
[活動公告]2020中區程式能力競賽,2020中區大專院程式設計競賽資訊.pdf
中正大學109學年度輔系（雙主修）109學年度第二學期申請（含T4學士班跨校輔系及雙主修申請）,臺灣綜合大學跨校雙主修輔系申請表.docx
【活動訊息】11/17(二)下午13:00-14:30 創業小聚-Hahow 黃彥傑共同創辦人創業分享,創業小聚20201117 (QR code)_1.pdf
[本校公告]預計於11/7-11/8進行光復校區部分區域公共水溝清淤,水溝清淤.pdf
[活動公告]2020-11-14 / SDGS7可負擔能源永續發展研討會,可負擔能源永續發展研討會.pdf
[活動公告]2020全國雲端APP行動創意應用競賽,2020全國雲端APP行動創意應用競賽.pdf
110碩博士推甄面試時間表及注意事項(資工所/醫資所/AI碩士學位學程) 面試時間表及注意事項如附件。,資訊工程系推甄面試通知.doc
110碩博士推甄面試時間表及注意事項(資工所/醫資所/AI碩士學位學程) 面試時間表及注意事項如附件。,110面試時間表.xlsx
【成功大學】即刻報名:人工智慧與資訊系統訓練班第2期,本期海報宣傳.pdf
系主任推選辦法,資訊系主任推選辦法108.odt
110學年度碩博士推甄第一階段審查結果(資工所/醫資所/人工智慧科技碩士學位學程),110學年度各所直接錄取與面試名單.pdf
[競賽公告]國立勤益科技大學「109年度教育部智慧創新跨域人才培育計畫線上成果展暨軟硬體創作競賽」,109年度教育部智慧創新跨域人才培育計畫線上成果展暨軟硬體創作競賽.pdf
[競賽公告]2020青年程式設計競賽-全國自走車競賽,2020青年程式設計競賽-全國自走車競賽.pdf
研究所學分抵免注意事項,資訊系學分抵免注意事項1080802.odt
研究所學分抵免注意事項,國立成功大學 醫學資訊研究所碩士班學分承認及抵免辦法1080702.odt
研究所學分抵免注意事項,AI學程學分承認與抵免辦法1071204.odt
研究所學分抵免注意事項,醫資所學分抵免注意事項1080802.odt
研究所學分抵免注意事項,學分抵免注意事項(AI學程).odt
研究所學分抵免注意事項,學分承認表.odt
[獎助學金]日月光菁英培育獎學金,日月光半導體2020年_9月獎學金申請辦法_高雄_(Security C).pdf
[獎助學金]日月光菁英培育獎學金,獎學金海報01.pdf
[系辦通知]myweb個人網頁服務主機，將於110年8月1日起終止服務,201015myweb個人網頁服務主機將於110年8月1日起終止服務.pdf
[獎助學金]國家中山科學研究院109年延攬大學院校優秀學生獎助金申請,109年中科院獎學金之甄選簡章_期限10月15日.pdf
[獎助學金]國家中山科學研究院109年延攬大學院校優秀學生獎助金申請,109獎助生海報.pdf
[活動公告]2020 第五屆台積電青年築夢計畫,unnamed (2) (1).pdf
109學年度第一學期博士資格考公告,109.11資格考公告.odt
109學年度第一學期博士資格考公告,109.11資格考公告.doc
[獎助學金]Garmin 2020獎學金開放申請,2020-GARMIN獎學金辦法.pdf
[獎助學金]Garmin 2020獎學金開放申請,產品體驗計畫.pdf
國立成功大學資訊工程學系教師聘任辦法,02-資訊系教師聘任辦法_經系1090416校教評會議通過-final.pdf
[獲獎公告]賀!本系蔣榮先老師教授榮獲科技部「2020 未來科技獎」,image0.pdf
[獎助學金]【延長報名】Fulbright 獎學金說明會,index.pdf
"109(1)導生名單, 詳如附件",109(1)導生名單.pdf
本校「經濟不利與文化不利學生修讀國際線上課程、參與國際線上會議及外語能力檢定補助實施專案」即日起至109年12月25日止受理申請,國立成功大學109年經濟不利與文化不利學生修讀國際線上課程、參與國際線上會議及外語能力檢定補助實施專案-申請文件.docx
本校「經濟不利與文化不利學生修讀國際線上課程、參與國際線上會議及外語能力檢定補助實施專案」即日起至109年12月25日止受理申請,國立成功大學109年經濟不利與文化不利學生修讀國際線上課程、參與國際線上會議及外語能力檢定補助實施專案.pdf
本校「經濟不利與文化不利學生修讀國際線上課程、參與國際線上會議及外語能力檢定補助實施專案」即日起至109年12月25日止受理申請,國立成功大學109年經濟不利與文化不利學生修讀國際線上課程、參與國際線上會議及外語能力檢定補助實施專案-申請文件.odt
[獎助學金]車輛中心「菁英培育獎助」,菁英培育獎助學金計畫.pdf
[獎助學金]車輛中心「菁英培育獎助」,菁英培育獎助學金海報.pdf
[獎助學金]美律2020科技人才培育金(獎學金)申請開跑囉,Img.pdf
[獎助學金]美律2020科技人才培育金(獎學金)申請開跑囉,unnamed (3).pdf
[獎助學金]勞動部109學年第一學期失業勞工子女就學補助,2837_001.pdf
[活動公告]【2020研發替代役與預聘徵才說明會】訂於109年10月24日(六)舉辦,ok-COVID-19-dailybody.pdf
[活動公告]【2020研發替代役與預聘徵才說明會】訂於109年10月24日(六)舉辦,2020生涯研替.pdf
[活動公告]2020監理科技黑客松 9/28說明會 敬邀有興趣的團隊共聚了解！,poster (1).pdf
(9/16更新)109學年度三所已收滿碩士新生老師名單,109老師收學生名單1 .pdf
[活動公告]CTCIEF x CCS 「2020第七屆企業社會責任領航計畫-秋季行動活動」,2020 第七屆CSR 領航計畫-秋季行動_海報-Final.pdf
[活動公告]CTCIEF x CCS 「2020第七屆企業社會責任領航計畫-秋季行動活動」,2020 第七屆CSR領航計畫-秋季行動-活動報名簡章-Final.pdf
[活動公告]CTCIEF x CCS 「2020第七屆企業社會責任領航計畫-秋季行動活動」,2020 第七屆CSR領航計畫-秋季行動-活動BANNER-F.pdf
[活動公告]美國在臺協會 2020 NASA 黑客松活動開跑！,2020 NASA 黑客松_SP (1).pdf
[獎學金](更新)109年王惕吾先生新聞獎學金 9.16起受理申請,新聞專題企畫案示範版本.pdf
[獎學金](更新)109年王惕吾先生新聞獎學金 9.16起受理申請,新聞專題企劃案下載版本.odt
[獎學金](更新)109年王惕吾先生新聞獎學金 9.16起受理申請,新聞專題企劃案下載版本.docx
[競賽公告]2020綠色生活創意設計大賽開跑囉！,2020_____________________[284].docx
[競賽公告]2020綠色生活創意設計大賽開跑囉！,2020_____________________[284].odt
[獎學金]財團法人福琳工商發展基金會工商學生清寒獎學金,福琳基金會工商清寒獎學金公告函－大學A (4).doc
[獎學金]財團法人福琳工商發展基金會工商學生清寒獎學金,福琳基金會工商清寒獎學金辦法 (4).doc
[獎學金]財團法人福琳工商發展基金會工商學生清寒獎學金,福琳基金會工商清寒獎學金申請表 (4).doc
[獎學金]財團法人福琳工商發展基金會工商學生清寒獎學金,福琳基金會工商清寒獎學金申請表 (5).odt
[獎學金]財團法人福琳工商發展基金會工商學生清寒獎學金,福琳基金會工商清寒獎學金辦法 (5).odt
[獎學金]財團法人福琳工商發展基金會工商學生清寒獎學金,福琳基金會工商清寒獎學金公告函－大學A (5).odt
[活動公告]臺灣大學生醫電子與資訊學研究辦理「IFMIA 2021 國際醫學影像論壇」,活動相關訊息(附件).pdf
[活動公告]衛生福利部疾病管制署通知：請協助向學生轉知比賽訊息(愛滋篩檢金句比賽),unnamed (4).pdf
"""指導資訊專題同意書""請於9/18星期五前繳交至系辦趙小姐處, 謝謝",指導專題生同意書.doc
[活動公告]『2020年中國工業工程學會年會暨學術研討會』,2020工工年會暨學術研討會EDM_.pdf
109(1)工程倫理與生涯規劃上課表,109工程倫理與生涯規劃上課週表.docx
2021 VLSI-DAT Symposium論文募集,2021 VLSI-DAT_Call for Papers_0827_final_TPCC_v1.pdf
109學年度新生家長座談會_8月29日上午10：30＠成功校區資訊工程學系4樓  65405室,109公告座談會場地圖.pdf
[系辦公告]中央流行疫情指揮中心8/5宣布8大類場所應佩戴口罩,900200810100108b30.pdf
[活動公告]成大企業家科技論壇2020年9月21日(一),成大企業家科技論壇.pdf
109學年度研究所新生抵免,資訊系學分抵免注意事項1090723.pdf
109學年度研究所新生抵免,醫資所學分抵免注意事項1090723.pdf
109學年度研究所新生抵免,學分抵免注意事項(AI學程)1090723.pdf
109學年度研究所新生抵免,學分承認表.doc
碩一新生速於9/9(三)前檢查大學基礎課是否修過,109學年度_未檢查基礎學分.ods
CSIE資訊系應屆畢業生問卷,CSIE資訊系應屆畢業生問卷.doc
CSIE資訊系應屆畢業生問卷,CSIE資訊系應屆畢業生問卷.odt
CSIE資訊系系友問卷,CSIE資訊系系友問卷.doc
CSIE資訊系系友問卷,CSIE資訊系系友問卷.odt
CSIE資訊系企業問卷,CSIE資訊系企業問卷.doc
CSIE資訊系企業問卷,CSIE資訊系企業問卷.odt
IIE資訊所應屆畢業生問卷,IIE資訊所應屆畢業生問卷.doc
IIE資訊所應屆畢業生問卷,IIE資訊所應屆畢業生問卷.odt
IIE資訊所系友問卷,IIE資訊所系友問卷.doc
IIE資訊所系友問卷,IIE資訊所系友問卷.odt
IIE資訊所企業問卷,IIE資訊所企業問卷.doc
IIE資訊所企業問卷,IIE資訊所企業問卷.odt
IMI醫資所應屆畢業生問卷,IMI醫資所應屆畢業生問卷.doc
IMI醫資所應屆畢業生問卷,IMI醫資所應屆畢業生問卷.odt
IMI醫資所系友問卷,IMI醫資所系友問卷.doc
IMI醫資所系友問卷,IMI醫資所系友問卷.odt
IMI醫資所企業問卷,IMI醫資所企業問卷.doc
IMI醫資所企業問卷,IMI醫資所企業問卷.odt
資訊系歷年交換學生資料,資訊系歷年交換學生資料.doc
資訊系歷年交換學生資料,資訊系歷年交換學生資料.odt
教務-學分承認表,credit_b.doc
教務-學分承認表,credit_b.odt
教務-學分承認表,credit_m.doc
教務-學分承認表,credit_m.odt
教務-選課退選單,withdrawal.doc
教務-選課退選單,withdrawal.odt
教務-研究所資格考試申請表,phd_apply.doc
教務-研究所資格考試申請表,phd_apply.odt
教務-研究所資格考試申請表,phd_apply (1).doc
教務-研究所資格考試申請表,phd_apply (1).odt
教務-生物醫學相關基礎課程認定表,bio1.doc
教務-生物醫學相關基礎課程認定表,bio1.odt
教務-未修生物醫學相關基礎課程補修單,bio2.doc
教務-未修生物醫學相關基礎課程補修單,bio2.odt
教務-研究生選擇及更換指導教授同意書,adviser_change_agree.doc
教務-研究生選擇及更換指導教授同意書,adviser_change_agree.odt
教務-非本系畢業學生外系所修習研究所科目證明,class_certificate.doc
教務-非本系畢業學生外系所修習研究所科目證明,class_certificate.odt
教務-逾期選課申請報告書,late_enrollment.doc
教務-逾期選課申請報告書,late_enrollment.odt
[Institute] leaving school procedure sheet,NCKU Institute of CSIE School-year leaving school procedure sheet.doc
[Institute] leaving school procedure sheet,NCKU Institute of CSIE School-year leaving school procedure sheet.odt
[大學部]-	資訊專題發表 教授同意書,老師同意發表專題書-updated106.11.29.doc
[大學部]-	資訊專題發表 教授同意書,老師同意發表專題書-updated106.11.29.odt
資訊工程系老師研究領域群及分類,Classify_ResearchGroupField_Faculty_Comp_NckuCsie_20130617_V1Beta13_J2.xlsx
資訊工程系老師研究領域群及分類,Classify_ResearchGroupField_Faculty_Comp_NckuCsie_20130617_V1Beta13_J2.ods
資訊工程系所課程領域群分類,Classify_ResearchGroupField_Course_NckuCsie_20130617_V1Beta7_J.xlsx
資訊工程系所課程領域群分類,Classify_ResearchGroupField_Course_NckuCsie_20130617_V1Beta7_J.ods
國立成功大學資訊工程學系研究生獎、助學金實施辦法,國立成功大學資訊工程學系研究生獎、助學金實施辦法.doc
國立成功大學資訊工程學系研究生獎、助學金實施辦法,國立成功大學資訊工程學系研究生獎、助學金實施辦法.odt
資訊工程學系導師制實施細則,資訊工程學系導師制實施細則.doc
資訊工程學系導師制實施細則,資訊工程學系導師制實施細則.odt
國立成功大學資訊工程系 實驗室儀器設備管理暨使用辦法,國立成功大學資訊工程系 實驗室儀器設備管理暨使用辦法.docx
國立成功大學資訊工程系 實驗室儀器設備管理暨使用辦法,國立成功大學資訊工程系 實驗室儀器設備管理暨使用辦法.odt
博士畢業資格辦法,博士畢業資格辦法.doc
博士畢業資格辦法,博士畢業資格辦法.odt
成功大學資訊工程系新進教師補助要點,成功大學資訊工程系新進教師補助要點.doc
成功大學資訊工程系新進教師補助要點,成功大學資訊工程系新進教師補助要點.odt
資訊系教育認證諮詢委員會設置辦法,資訊系教育認證諮詢委員會設置辦法.doc
資訊系教育認證諮詢委員會設置辦法,資訊系教育認證諮詢委員會設置辦法.odt
學術資源分配要點,學術資源分配要點.doc
學術資源分配要點,學術資源分配要點.odt
資訊系教師評量要點,資訊系教師評量要點.doc
資訊系教師評量要點,資訊系教師評量要點.odt
專題補助辦法,專題補助辦法.doc
專題補助辦法,專題補助辦法.odt
成功大學資訊工程學系 - 電腦教室使用管理辦法,電腦教室使用管理辦法.doc
成功大學資訊工程學系 - 電腦教室使用管理辦法,電腦教室使用管理辦法.odt
104學年度研究所放棄書,棄權書 (2).DOC
104學年度研究所放棄書,棄權書 (2).odt
資訊系107級畢業專題展得獎名單,107級專題展得獎公告.docx
資訊系107級畢業專題展得獎名單,107級專題展得獎公告.odt
資訊專題簡介格式,專題簡介格式說明.doc
資訊專題簡介格式,專題簡介範例.doc
資訊專題簡介格式,專題簡介範例.odt
資訊專題簡介格式,專題簡介格式說明.odt
資訊系108級畢業專題展得獎名單,108級專題展得獎公告.docx
資訊系108級畢業專題展得獎名單,108級專題展得獎公告.odt
[大學部] - 資訊系大學部一貫修讀學、碩士學位辦法,申請表_資訊系大學部一貫修讀學、碩士學位980622.odt
大學學生逕行修讀博士學位作業規定相關事項,大學學生逕行修讀博士學位作業規定相關事項.odt
103學年 資訊所課程資訊,資訊所課程資訊.odt
博士學位申請注意事項,博士學位候選人名冊 .odt
博士學位申請注意事項,博士論文口試記錄 .odt
博士學位申請注意事項,博士學位考試時間表 .odt
博士學位申請注意事項,博士班學位考試辦法(97年度前(含97)入學舊生適用 ) .odt
博士學位申請注意事項,博士候選人繳交資料表1040623.odt
博士學位申請注意事項,博士班學位考試辦法1090609.odt
國立成功大學 醫學資訊研究所碩士班學分承認及抵免辦法,國立成功大學 醫學資訊研究所碩士班學分承認及抵免辦法1080702.odt
【資訊系大學部一貫修讀學、碩士學位辦法及申請表】,資訊系大學部一貫修讀學、碩士學位辦法103.05.27.odt
【資訊系大學部一貫修讀學、碩士學位辦法及申請表】,申請表_資訊系大學部一貫修讀學、碩士學位980622.odt
[專題展]-專題簡介格式,專題簡介範例 (1).odt
[專題展]-專題簡介格式,專題簡介格式說明 (1).odt
[預研生] 資訊系大學部一貫修讀學、碩士學位辦法及申請表格,申請表_資訊系大學部一貫修讀學、碩士學位980622.odt
[預研生] 資訊系大學部一貫修讀學、碩士學位辦法及申請表格,資訊系大學部一貫修讀學、碩士學位辦法103.05.27.odt
教師升等辦法,資訊系教師升等辦法.odt
教師升等辦法,教師升等辦法考評細則106.pdf
教師升等辦法,教師升等辦法考評細則106.odt
國立成功大學資訊工程系學生逕行修讀博士學位作業細則,資訊系逕讀博士學位作業細則107.odt
[徵才公告]【2020聯電PTP校園人才招生說明會_成大場】,IG南部場次圖-01.pdf
[獎學金公告]財團法人福琳工商發展基金會工商學生清寒獎學金,福琳基金會工商清寒獎學金申請表 (5).doc
[獎學金公告]財團法人福琳工商發展基金會工商學生清寒獎學金,福琳基金會工商清寒獎學金辦法 (5).doc
[獎學金公告]財團法人福琳工商發展基金會工商學生清寒獎學金,福琳基金會工商清寒獎學金公告函－大學A (5).doc
[獎學金]  美律2020科技人才培育金(獎學金)申請開跑囉,2020學年度美律科技人才培育金申請辦法.pdf
[獎學金]  美律2020科技人才培育金(獎學金)申請開跑囉,2020美律科技人才培育金申請書.pdf
[獎學金]  美律2020科技人才培育金(獎學金)申請開跑囉,2020科技人才培育金海報.pdf
[課程公告]seminar與資工醫資導論上課規定,seminar上課規定 (2).doc
[徵才公告]吉普司科技股份有限公司_徵人需求,吉普司科技股份有限公司_徵人需求_20200819.pdf
[徵才公告]宏正自動科技_職缺刊登,【第二屆】ATEN 儲備幹部(MAMT)職缺資訊.docx
[徵才公告]宏正自動科技_職缺刊登,【第二屆】ATEN 儲備幹部(MAMT)職缺資訊.pdf
系辦在職專班誠徵工讀生2-3名,碩專班應徵工讀生.odt
系辦在職專班誠徵工讀生2-3名,碩專班應徵工讀生.docx
[活動]一年只開放一次的成大特色研究中心及實驗室參訪機會!,1090831活動時程表.pdf
[活動]一年只開放一次的成大特色研究中心及實驗室參訪機會!,大學部研究實驗室研究室參訪暨專題研究海報展.pdf
[活動]109.8.24 敏求智慧運算學院正式啟動,website-2400x940px-v2.pdf
[系辦公告]109學年度上學期各校區環境消毒,消毒.odt
"109學年度 雙主修 申請審查結果, 請通過的同學最慢於開學後2星期內領回申請表格, 並於修畢後，填列申請表中必修及選修科目表，持畢業審查表(成績單)及申請表至本系辦理審查",109公告.docx
109年度大學部研究「實驗室/研究室參訪暨專題研究海報展」活動公告,大學部研究活動時程表.pdf
109年度大學部研究「實驗室/研究室參訪暨專題研究海報展」活動公告,報名宣傳.pdf
109年度大學部研究「實驗室/研究室參訪暨專題研究海報展」活動公告,學院、系所官網活動時程表.pdf
[徵才公告]頎邦科技-徵求MIS軟硬體專才,頎邦科技-徵求MIS軟硬體專才.pdf
[徵才公告]推廣教育中心徵人資訊,數位課程徵才-網站管理-04(公告版).pdf
UR專案實驗額度計畫第二波徵求,Final-UR(1)-已轉檔.pdf
[徵人公告]系辦徵行政助教,徵行政助教 (3).doc
[徵才公告]威聯通科技徵才,20051111_CHT_校園徵才EDM_v2.pdf
[競賽公告]2020年全國循環創新競賽(工業局主辦),2020全國循環創新競賽_宣傳EDM.pdf
[研究所公告]109學年度碩博入學新生請注意,學分抵免注意事項(AI學程)1090723.doc
[研究所公告]109學年度碩博入學新生請注意,資訊系學分抵免注意事項1090723.doc
[研究所公告]109學年度碩博入學新生請注意,學分承認表 (1).doc
[研究所公告]109學年度碩博入學新生請注意,醫資所學分抵免注意事項1090723.doc
博士班資格考 考古題98-106年度,98學年度 上下.zip
博士班資格考 考古題98-106年度,99學年度 上下.zip
博士班資格考 考古題98-106年度,100學年度 上下.zip
博士班資格考 考古題98-106年度,101學年度 上下.zip
博士班資格考 考古題98-106年度,102學年度 上下.zip
博士班資格考 考古題98-106年度,103學年度 上下.zip
博士班資格考 考古題98-106年度,104學年度 上下.zip
博士班資格考 考古題98-106年度,105 學年度上下.zip
博士班資格考 考古題98-106年度,106 學年度上下.zip
博士班資格考 考古題93-97年度,93學年度 第一學期.zip
博士班資格考 考古題93-97年度,93學年度 第二學期.zip
博士班資格考 考古題93-97年度,94學年度 第一學期.zip
博士班資格考 考古題93-97年度,94學年度 第二學期.zip
博士班資格考 考古題93-97年度,95學年度 第一學期.zip
博士班資格考 考古題93-97年度,95學年度 第二學期.zip
博士班資格考 考古題93-97年度,96學年度 第一學期.pdf
博士班資格考 考古題93-97年度,96學年度 第二學期.zip
博士班資格考 考古題93-97年度,97學年度 第一學期.zip
博士班資格考 考古題93-97年度,97學年度 第二學期.zip
[學校活動]成大人站出來NCKUers Come Forward!－傑出國際校友募集活動,成大人站出來中+英20200709final.pdf
[學校活動]成大人站出來NCKUers Come Forward!－傑出國際校友募集活動,200716-成大人站出來-宣傳海報-已轉檔.pdf
[系辦公告]7/26勝利校區、光復校區、成功校區停電公告,109年度高壓電力設備停電檢驗、維護保養工作計畫表.pdf
"資訊系110級畢業專題展得獎名單, 恭喜得獎的同學組別!!",110級專題展得獎公告.docx
[競賽]2020通訊大賽－5G領航創新應用競賽,2020通訊大賽相關訊息.zip
大學生也能做實驗，UR Lab 幫你完成! UR設備支援專案計畫徵求,Final-UR(1)-已轉檔.pdf
高師大誠徵-高教深耕IR博後研究人員(具資訊背景),懇請協助公告-國立高雄師範大學誠徵IR博士後研究人員.pdf
(報名即將截止)2020全國大專校院智慧創新暨跨域整合創作競賽,2020全國大專校院智慧創新暨跨域整合創作競賽須知.pdf
(報名即將截止)2020全國大專校院智慧創新暨跨域整合創作競賽,2020智慧創新競賽海報-converted.zip
通識總整課程公告,通識總整課程.docx
中華電信『2020數位創新應用系列賽-IoT大平台創意應用大賽』正式開跑,image001-converted.pdf
LTTC誠徵 資訊人員,LTTC徵才海報(資109.6).pdf
★★非學分班★★人工智慧與資訊系統訓練班火速招生中!!!!!,非學分班.pdf
全校性獎學金申請(近期消息),獎學金 (1).pdf
全校性獎學金申請(近期消息),獎學金.pdf
賀!!蔡孟勳老師獲得108學年度全校輔導傑出導師,1-附件1、108學年度輔導優良導師獲獎名單.pdf
賀!!蔡孟勳老師獲得108學年度全校輔導傑出導師,108學年度全校輔導傑出導師獲獎名單函文.pdf
人工智慧與資訊系統碩士在職專班學分班招生中,ai-1.pdf
[企業徵才]華碩2020線上徵才活動 第二波,第二波2020年度宣傳EDM-converted.pdf
"[110級專題展]更新~~公告專題展組別號碼, 請詳閱公告及附件",NCKU CSIE 110級 大學部畢業專題題目登記-0602.xlsx
"[110級專題展]更新~~公告專題展組別號碼, 請詳閱公告及附件",110級專題展組別-0602.xlsx
"[110級專題展]110級大學部畢業專題線上展示規定事項, 詳如公告內容",110級大學部畢業專題線上展示規定事項_109.06.01.doc
[獎學金] 2020 ASML艾司摩爾菁英獎學金,台灣艾司摩爾 ASML 菁英獎學金 熱烈報名中! 至ASML任職拓展國際視野絕佳機會.pdf
[獎學金] 2020 ASML艾司摩爾菁英獎學金,公文_2020 台灣艾司摩爾ASML獎學金申請須知.pdf
109年王惕吾先生新聞獎學金 9.16起受理申請,新聞專題企劃案下載版本 (1).pdf
109年王惕吾先生新聞獎學金 9.16起受理申請,新聞專題企劃案下載版本 (1).docx
【緯創資通】校園招募活動_獎助學金暨儲備人才計畫,【緯創資通】獎助學金暨儲備人才計畫_0514-converted.pdf
【緯創資通】校園招募活動_獎助學金暨儲備人才計畫,緯創資通股份有限公司獎助學金暨儲備人才計畫20200514.pdf
2020台達電子充電營_報名活動正式開跑！,台達充電營_0514(V5)-已轉檔.pdf
中華電信徵才訊息,中華電信職缺EDM圖檔-已轉檔.pdf
【台積電招募快訊 : 6/8前進成大專屬面談會】,e-flyer_台積x乖乖吊飾_投履歷就送給你-converted.pdf
【台積電招募快訊 : 6/8前進成大專屬面談會】,e-flyer_前進成大專屬面談會-converted.pdf
國立成功大學資訊工程系 誠徵專任教師,資訊工程學系新聘教師表格-姓名.doc
【教育部 AI CUP 競賽】工作坊競賽教學影片上線囉！,unnamed (5).pdf
2020總統盃黑客松 & 2020中技社AI創意競賽,S__25092123-converted.pdf
2020總統盃黑客松 & 2020中技社AI創意競賽,2020年總統盃黑客松競賽推廣_20200423.pdf
台積電2020年博士獎學金正式推出，歡迎同學提出申請，即日起至2020/6/30(含)止！,台積電2020年博士獎學金_公告DM_final-已轉檔.pdf
台積電2020年博士獎學金正式推出，歡迎同學提出申請，即日起至2020/6/30(含)止！,附件一、台積電博士獎學金申請表.docx
台積電2020年博士獎學金正式推出，歡迎同學提出申請，即日起至2020/6/30(含)止！,台積電2020年博士獎學金申請辦法_Final.pdf
LTTC誠徵 資訊人員,LTTC誠徵資訊人員(109.5).pdf
109學年度博士入學考試更新公告,109博士面試通知.pdf
〔FORUM8學生競賽〕– 雲端編程世界盃,1-已轉檔.pdf
台積電 智能製造中心-線上招募資訊,1-converted.pdf
【 2020 校園徵才招募中，加入台積趁現在】,2020 校園徵才招募中，加入台積趁現在-已轉檔.pdf
臺北市政府捷運工程局109年暑期學生實習相關訊息,捷運工程實習計畫說明(附件2).pdf
臺北市政府捷運工程局109年暑期學生實習相關訊息,捷運工程實習計畫說明(附件1).pdf
臺北市政府捷運工程局109年暑期學生實習相關訊息,捷運工程實務(附件3).odt
臺北市政府捷運工程局109年暑期學生實習相關訊息,捷運工程109年暑期學生實習.pdf
鴻海科技集團『2020年線上校園徵才』第二波抽獎倒數一週！趕快把握最後機會，把Switch Lite大獎帶回家！,unnamed-已轉檔.pdf
109學年度博士入學考試審查結果與面試時間,109直接錄取與面試名單.pdf
109學年度博士入學考試審查結果與面試時間,109博士面試通知 (1).pdf
Google Developers 學生開發者社群計畫正式開放申請,One-Pager-已轉檔.pdf
【報名截止倒數28天!!】2020積體電路電腦輔助設計軟體製作競賽(2020 CAD Contest),2020CAD_國內賽定稿海報-converted.pdf
 【課業輔導公告】108-2課輔服務,109(102)-108-2課輔活動公告-函.pdf
108學年度第二學期博士資格考公告,109.05資格考公告.doc
2020台積電暑期實習積因計畫 (4/8更新),image002 (2).pdf
[大學部]普渡雙聯組修業規定,普渡雙聯組修業規定_v20200326.pdf
【獎項申請公告】中華民國斐陶斐榮譽學會「傑出成就獎」即日起受理推薦申請,附件三-斐陶斐榮譽學會傑出成就獎推薦表.odt
【獎項申請公告】中華民國斐陶斐榮譽學會「傑出成就獎」即日起受理推薦申請,附件二-斐陶斐榮譽學會傑出成就獎選薦辦法.pdf
【獎項申請公告】中華民國斐陶斐榮譽學會「傑出成就獎」即日起受理推薦申請,附件一-109斐陶斐榮譽學會來函.pdf
聯詠基金會獎學金,1090327 聯詠獎學金公文.pdf
聯詠基金會獎學金,聯詠基金會-2020年獎學金海報-A2-相紙+霧膜.pdf
【Applied Materials Taiwan 台灣應材】2020 暑期實習招募中,image001 (9).pdf
109學年度資訊所/醫資所/AI碩士學位學程切結書與指導教授同意書,研究生指導教授同意書(AI).doc
109學年度資訊所/醫資所/AI碩士學位學程切結書與指導教授同意書,研究生指導教授同意書(資訊所) (2).doc
109學年度資訊所/醫資所/AI碩士學位學程切結書與指導教授同意書,研究生指導教授同意書(醫資所).doc
109學年度資訊所/醫資所/AI碩士學位學程切結書與指導教授同意書,切 結 書 (3).doc
2020赴日本金澤大學(KANAZAWA UNIVERSITY)暑期實習校內徵件,附件三申請文件繳交順序.docx
2020赴日本金澤大學(KANAZAWA UNIVERSITY)暑期實習校內徵件,附件二申請表.docx
2020赴日本金澤大學(KANAZAWA UNIVERSITY)暑期實習校內徵件,附件一實習計畫內容.docx
Amazon & AWS 校園招募計劃,Amazon Software Development Engineer Postion校園招募.pdf
Amazon & AWS 校園招募計劃,AWS 雲端技術支援團隊校園招募.pdf
宣導教育部校園防疫措施,099904932教育部函-宣導影片.pdf
搶先快「報」台積電X成大校園徵才說明會(3/6更新),台積電徵才海報.pdf
109學年度直升博士開始受理申請,直升博士公告 (1).doc
AI CUP 2020 愛文芒果影像辨識競賽,image001 (10).pdf
財團法人福琳工商發展基金會工商學生清寒獎學金,福琳基金會工商清寒獎學金辦法 (6).doc
財團法人福琳工商發展基金會工商學生清寒獎學金,福琳基金會工商清寒獎學金申請表 (6).doc
財團法人福琳工商發展基金會工商學生清寒獎學金,福琳基金會工商清寒獎學金公告函－大學A (6).doc
【Google Taiwan 2020 校園徵才】參加線上說明會 Pixel 手機等你抽！,1.pdf
2020年WUN夏日學校參加學生徵選,Summer School Resume.docx
2020年WUN夏日學校參加學生徵選,0220徵選公告辦法.docx
2020年WUN夏日學校參加學生徵選,york-wunsummerschoolbanner.pdf
2020年癌友家庭大專子女獎助學金公告及簡章,附件2.2020年獎助學金簡章與申請單.pdf
2020年癌友家庭大專子女獎助學金公告及簡章,附件1. HOPE2020獎助學金海報.pdf
請全體師生務必再填寫第2次健康關懷問卷,告示牌_問卷.docx
2020聯發科技應屆預聘 電力加強招募中！,unnamed (6).pdf
109年度第四屆台灣高鐵暑期實習生甄選,THSRC人員資料表 (1).doc
109年度第四屆台灣高鐵暑期實習生甄選,海報 (11).pdf
「德明學報」徵稿,scan@email.ncku.edu.tw_20200211_164643.pdf
「南開學報」徵稿,scan@email.ncku.edu.tw_20200211_164626.pdf
2020第十屆教育政策與行政前膽研討會徵稿,scan@email.ncku.edu.tw_20200211_164636.pdf
108學年度下學期[64級獎學金]申請自即日起~3/20,獎學金空白申請表-電機系64級系友獎學金.doc
108學年度下學期[64級獎學金]申請自即日起~3/20,清寒程度審核表 (3).doc
108下博士資格考開始受理申請,109.4資格考公告.doc
要申請AI學分學程的同學請注意,人工智慧學分學程修習申請表.docx
109學年度人工智慧與資料系統碩士在職專班面試時間表及注意事項,資訊系在職專班面試通知.pdf
109學年度人工智慧與資料系統碩士在職專班面試時間表及注意事項,一樓平面圖.pptx
109學年度人工智慧與資料系統碩士在職專班面試時間表及注意事項,109學年度在職專班面試時間表.pdf
108學年上 資訊工程倫理與生涯規劃－學生上課點名統計表 (1/10更新),資工倫理與生涯規劃－學生上課點名統計表-0110更新.pdf
108學年上 資工醫資導論－學生上課點名統計表 (1/9更新),資工醫資導論－學生上課點名統計表-0109更新.pdf
